Label,Name,Landmarks
18,/data/MGDataset/real_data_224/rgb/real_rgb_Right_two_p=08_g=18_v=12_f=000010.png,0.5263081192970276 ,0.47691240906715393 ,0.5359787940979004 ,0.41773495078086853 ,0.5666595697402954 ,0.36564356088638306 ,0.5941915512084961 ,0.32863643765449524 ,0.6169625520706177 ,0.29993295669555664 ,0.6038235425949097 ,0.4158564805984497 ,0.634259819984436 ,0.40155917406082153 ,0.6525139808654785 ,0.40035226941108704 ,0.6678420901298523 ,0.4013374149799347 ,0.6127194166183472 ,0.45935022830963135 ,0.6475237607955933 ,0.45526325702667236 ,0.666408896446228 ,0.456036776304245 ,0.6824461221694946 ,0.4583766460418701 ,0.6120538711547852 ,0.5018857717514038 ,0.6467792987823486 ,0.5055453777313232 ,0.6658211946487427 ,0.507118284702301 ,0.6840636134147644 ,0.5082688927650452 ,0.602108359336853 ,0.5418339371681213 ,0.6282980442047119 ,0.5637344717979431 ,0.644804060459137 ,0.5775942802429199 ,0.6610230803489685 ,0.5888015031814575
7,/data/MGDataset/real_data_224/rgb/real_rgb_Right_tap_on_proximal_phalanx_of_middle_finger_using_thumb_p=04_g=7_v=27_f=000061.png,0.6582384705543518 ,0.6109068393707275 ,0.6676739454269409 ,0.5475168228149414 ,0.6838554739952087 ,0.4977567195892334 ,0.7190514802932739 ,0.4754541516304016 ,0.751904308795929 ,0.48715880513191223 ,0.7197100520133972 ,0.5192415118217468 ,0.7536517381668091 ,0.49681830406188965 ,0.7576591372489929 ,0.4975411593914032 ,0.7606800198554993 ,0.49427151679992676 ,0.7286880612373352 ,0.5508530735969543 ,0.7674139738082886 ,0.5331432223320007 ,0.7840478420257568 ,0.5292008519172668 ,0.8028627634048462 ,0.5231170654296875 ,0.7320908308029175 ,0.582966685295105 ,0.7641176581382751 ,0.5702230334281921 ,0.7816033363342285 ,0.5631276369094849 ,0.8019151091575623 ,0.5537322163581848 ,0.731891930103302 ,0.619857668876648 ,0.7553545236587524 ,0.612962543964386 ,0.7657504677772522 ,0.6049299240112305 ,0.7768656015396118 ,0.5945205092430115
20,/data/MGDataset/real_data_224/rgb/real_rgb_Right_zoom_out_with_index_finger_and_thumb_p=04_g=20_v=18_f=000030.png,0.6625679731369019 ,0.6069127321243286 ,0.6581768989562988 ,0.5477123856544495 ,0.6705775856971741 ,0.4912061095237732 ,0.6777827739715576 ,0.4499579668045044 ,0.6800041794776917 ,0.41775840520858765 ,0.7211402058601379 ,0.5146608948707581 ,0.7500901222229004 ,0.4917224943637848 ,0.7613966464996338 ,0.4908445477485657 ,0.7646313905715942 ,0.49322572350502014 ,0.7373530864715576 ,0.5467808246612549 ,0.769568681716919 ,0.5288635492324829 ,0.7851664423942566 ,0.5235361456871033 ,0.7950815558433533 ,0.5190840363502502 ,0.7437633275985718 ,0.579580545425415 ,0.7730394601821899 ,0.5653306245803833 ,0.7874388098716736 ,0.5584665536880493 ,0.7957102656364441 ,0.5522114038467407 ,0.7446256875991821 ,0.6156510710716248 ,0.7694236040115356 ,0.607157826423645 ,0.7782720923423767 ,0.6001325249671936 ,0.7819902896881104 ,0.5922854542732239
15,/data/MGDataset/real_data_224/rgb/real_rgb_Left_index_finger_single_tap_p=08_g=15_v=4_f=000023.png,0.8259528279304504 ,0.5418660640716553 ,0.8256542086601257 ,0.47388342022895813 ,0.7973197102546692 ,0.4063414931297302 ,0.7746192812919617 ,0.35026463866233826 ,0.761153519153595 ,0.3006141781806946 ,0.7345810532569885 ,0.4394853711128235 ,0.6868801712989807 ,0.41341954469680786 ,0.6584250330924988 ,0.40126097202301025 ,0.6336452960968018 ,0.3902839422225952 ,0.7203299403190613 ,0.4863104820251465 ,0.6725724935531616 ,0.47547075152397156 ,0.6417067050933838 ,0.46772634983062744 ,0.6131638884544373 ,0.4604984223842621 ,0.7205607891082764 ,0.5331131219863892 ,0.6776344180107117 ,0.5279677510261536 ,0.6509431004524231 ,0.522264838218689 ,0.6255590915679932 ,0.5136168599128723 ,0.7317563891410828 ,0.5782949328422546 ,0.6971726417541504 ,0.5840286016464233 ,0.6754655838012695 ,0.5866612792015076 ,0.6534885168075562 ,0.5856126546859741
48,/data/MGDataset/real_data_224/rgb/real_rgb_Left_snap_p=03_g=48_v=25_f=000038.png,0.7500330805778503 ,0.5458005666732788 ,0.763441801071167 ,0.5076820254325867 ,0.7655967473983765 ,0.4741712510585785 ,0.7622483968734741 ,0.4571174681186676 ,0.7563744187355042 ,0.45044517517089844 ,0.7173404693603516 ,0.43060410022735596 ,0.7075746655464172 ,0.4049406349658966 ,0.7266808152198792 ,0.41849419474601746 ,0.747092068195343 ,0.4374249279499054 ,0.6987178325653076 ,0.4512133300304413 ,0.694515585899353 ,0.43326714634895325 ,0.7233121395111084 ,0.4496590793132782 ,0.7480608820915222 ,0.46531930565834045 ,0.686612069606781 ,0.47703415155410767 ,0.6956955194473267 ,0.467189759016037 ,0.7275885939598083 ,0.4813803434371948 ,0.7501761317253113 ,0.4941740334033966 ,0.6818494200706482 ,0.5054473876953125 ,0.6943636536598206 ,0.49821269512176514 ,0.7192463874816895 ,0.5078725814819336 ,0.7367693781852722 ,0.517301619052887
37,/data/MGDataset/real_data_224/rgb/real_rgb_Left_index_finger_swipe_left_p=05_g=37_v=41_f=000017.png,0.7501277327537537 ,0.485505610704422 ,0.7480936646461487 ,0.44345059990882874 ,0.7286996841430664 ,0.39798641204833984 ,0.7055644989013672 ,0.37132248282432556 ,0.6806245446205139 ,0.3520183861255646 ,0.6720404624938965 ,0.40835100412368774 ,0.638145387172699 ,0.38631442189216614 ,0.6163069009780884 ,0.37328267097473145 ,0.5983525514602661 ,0.36202844977378845 ,0.6617527604103088 ,0.4416099488735199 ,0.6265913844108582 ,0.42434442043304443 ,0.6465308666229248 ,0.421275794506073 ,0.6689322590827942 ,0.42325693368911743 ,0.6617007851600647 ,0.4769417643547058 ,0.6296115517616272 ,0.46898022294044495 ,0.6522496938705444 ,0.4628019630908966 ,0.6754443049430847 ,0.46094825863838196 ,0.6681814193725586 ,0.5137543678283691 ,0.6394269466400146 ,0.511332631111145 ,0.6543352603912354 ,0.5034795999526978 ,0.6724117994308472 ,0.49883028864860535
14,/data/MGDataset/real_data_224/rgb/real_rgb_Left_tap_on_distal_phalanx_of_middle_finger_using_thumb_p=06_g=14_v=4_f=000039.png,0.7584887742996216 ,0.43331676721572876 ,0.7444619536399841 ,0.38434818387031555 ,0.7182272672653198 ,0.3412657678127289 ,0.697813868522644 ,0.3121473789215088 ,0.6856646537780762 ,0.285758376121521 ,0.6640487313270569 ,0.37787064909935 ,0.6214196681976318 ,0.35592132806777954 ,0.5933624505996704 ,0.34098148345947266 ,0.5687146782875061 ,0.3307190537452698 ,0.6563950181007385 ,0.4159349799156189 ,0.610214114189148 ,0.41349121928215027 ,0.5800535082817078 ,0.4126502275466919 ,0.5544737577438354 ,0.41414421796798706 ,0.6620097160339355 ,0.4516238868236542 ,0.6196565628051758 ,0.4543236494064331 ,0.5928298234939575 ,0.4544239044189453 ,0.5702313184738159 ,0.4546993374824524 ,0.6772826910018921 ,0.4843246638774872 ,0.6432185173034668 ,0.49474719166755676 ,0.6204399466514587 ,0.500495433807373 ,0.5999692678451538 ,0.5039175748825073
32,/data/MGDataset/real_data_224/rgb/real_rgb_Right_rub_thumb_on_index_finger_clockwise_p=09_g=32_v=39_f=000022.png,0.7006655931472778 ,0.7008236646652222 ,0.6899710893630981 ,0.6483114361763 ,0.7026102542877197 ,0.5927291512489319 ,0.7396897077560425 ,0.5567179918289185 ,0.7742787599563599 ,0.5333916544914246 ,0.7378007769584656 ,0.5346243381500244 ,0.7699186205863953 ,0.4817514419555664 ,0.8030377626419067 ,0.4711064100265503 ,0.8256204724311829 ,0.47734031081199646 ,0.7585867047309875 ,0.5699908137321472 ,0.8066893219947815 ,0.5515872240066528 ,0.7962020039558411 ,0.583490252494812 ,0.7722240090370178 ,0.6109117865562439 ,0.7717901468276978 ,0.6107028722763062 ,0.8029793500900269 ,0.6111041307449341 ,0.77983158826828 ,0.6358283758163452 ,0.7529645562171936 ,0.6498162746429443 ,0.7763364315032959 ,0.654487669467926 ,0.7991846799850464 ,0.6634182929992676 ,0.7776374816894531 ,0.6752712726593018 ,0.7519023418426514 ,0.6785008907318115
35,/data/MGDataset/real_data_224/rgb/real_rgb_Right_tap_on_proximal_phalanx_of_last_finger_using_thumb_p=09_g=35_v=35_f=000069.png,0.6681660413742065 ,0.6715837717056274 ,0.6471698880195618 ,0.6122127771377563 ,0.647381067276001 ,0.538941502571106 ,0.6470861434936523 ,0.4792211353778839 ,0.6342511773109436 ,0.4335871934890747 ,0.688845157623291 ,0.511013388633728 ,0.702094316482544 ,0.4340861737728119 ,0.7113471031188965 ,0.3849334716796875 ,0.7175911068916321 ,0.3444322943687439 ,0.7124578952789307 ,0.527035117149353 ,0.7352864742279053 ,0.45794564485549927 ,0.7492388486862183 ,0.414056658744812 ,0.7582988142967224 ,0.38010385632514954 ,0.7293180227279663 ,0.5585489869117737 ,0.7573985457420349 ,0.5029372572898865 ,0.7701013684272766 ,0.46757933497428894 ,0.7801221013069153 ,0.4380888342857361 ,0.7422037720680237 ,0.6017121076583862 ,0.7659623026847839 ,0.571956217288971 ,0.7774933576583862 ,0.549415647983551 ,0.7879676818847656 ,0.5275607705116272
24,/data/MGDataset/real_data_224/rgb/real_rgb_Right_slide_thumb_backward_on_index_finger_p=09_g=24_v=30_f=000069.png,0.6266584992408752 ,0.6553348898887634 ,0.6314957141876221 ,0.5886422395706177 ,0.6386610269546509 ,0.5270735621452332 ,0.6532686948776245 ,0.48563188314437866 ,0.6716654300689697 ,0.4600210189819336 ,0.6690360307693481 ,0.4975569546222687 ,0.6939716339111328 ,0.4465007483959198 ,0.7116603851318359 ,0.41859403252601624 ,0.7278075218200684 ,0.3940350413322449 ,0.6791640520095825 ,0.5166411995887756 ,0.7060054540634155 ,0.46919310092926025 ,0.7265637516975403 ,0.43965625762939453 ,0.747402548789978 ,0.41466033458709717 ,0.6862964034080505 ,0.5420934557914734 ,0.7103592157363892 ,0.5065162181854248 ,0.7327274680137634 ,0.4794381856918335 ,0.7536055445671082 ,0.4595503807067871 ,0.6902191638946533 ,0.5742405652999878 ,0.7128981351852417 ,0.5559931993484497 ,0.7312866449356079 ,0.5394558310508728 ,0.7497873902320862 ,0.526737630367279
32,/data/MGDataset/real_data_224/rgb/real_rgb_Left_rub_thumb_on_index_finger_clockwise_p=11_g=32_v=30_f=000056.png,0.7303768396377563 ,0.4834963381290436 ,0.7646423578262329 ,0.5190425515174866 ,0.7652979493141174 ,0.5483044981956482 ,0.7502077221870422 ,0.5588217973709106 ,0.7477431893348694 ,0.5587908029556274 ,0.7327309846878052 ,0.5418200492858887 ,0.6573823094367981 ,0.5418639779090881 ,0.6631150245666504 ,0.521995484828949 ,0.679699718952179 ,0.5026183128356934 ,0.7009667158126831 ,0.5118494629859924 ,0.6191385984420776 ,0.5180403590202332 ,0.6391948461532593 ,0.5011371970176697 ,0.6668066382408142 ,0.4848036468029022 ,0.6765329837799072 ,0.47717007994651794 ,0.6086575388908386 ,0.47781428694725037 ,0.6302410364151001 ,0.462383508682251 ,0.6594043374061584 ,0.4472593069076538 ,0.6591081023216248 ,0.4439762532711029 ,0.6153345704078674 ,0.43588560819625854 ,0.6202220916748047 ,0.4220857322216034 ,0.6336751580238342 ,0.4078468680381775
45,/data/MGDataset/real_data_224/rgb/real_rgb_Right_zoom_in_using_palm_p=05_g=45_v=26_f=000007.png,0.5788566470146179 ,0.5673901438713074 ,0.5776171684265137 ,0.5087675452232361 ,0.5983293652534485 ,0.4553697109222412 ,0.6266070604324341 ,0.4214763641357422 ,0.6398072838783264 ,0.3899589478969574 ,0.6293474435806274 ,0.48953378200531006 ,0.6622161269187927 ,0.46205955743789673 ,0.6830385327339172 ,0.44995298981666565 ,0.7022961974143982 ,0.44129952788352966 ,0.6423420310020447 ,0.5275729298591614 ,0.6782958507537842 ,0.5135980248451233 ,0.7006675004959106 ,0.5087999701499939 ,0.7211187481880188 ,0.5071144700050354 ,0.645673930644989 ,0.5651218891143799 ,0.6818864345550537 ,0.5598434209823608 ,0.7025896906852722 ,0.5586113929748535 ,0.7228701710700989 ,0.558497965335846 ,0.6408018469810486 ,0.6012295484542847 ,0.6674535870552063 ,0.6110177636146545 ,0.6830212473869324 ,0.617587685585022 ,0.6986826658248901 ,0.6224927306175232
6,/data/MGDataset/real_data_224/rgb/real_rgb_Left_tap_on_middle_phalanx_of_ring_finger_using_thumb_p=09_g=6_v=15_f=000009.png,0.851307213306427 ,0.7400646209716797 ,0.8722466826438904 ,0.6771789789199829 ,0.865867555141449 ,0.5979347229003906 ,0.8600273728370667 ,0.536140501499176 ,0.8560888171195984 ,0.48258155584335327 ,0.8259764313697815 ,0.5647191405296326 ,0.8110031485557556 ,0.4866499900817871 ,0.8016254305839539 ,0.4363552927970886 ,0.7938848733901978 ,0.393630713224411 ,0.8072182536125183 ,0.583361029624939 ,0.7805571556091309 ,0.5097864270210266 ,0.7634145617485046 ,0.46114879846572876 ,0.7492762207984924 ,0.4208546280860901 ,0.7949787974357605 ,0.6186160445213318 ,0.765232503414154 ,0.5542586445808411 ,0.7460670471191406 ,0.5110236406326294 ,0.7315609455108643 ,0.4707757830619812 ,0.7881002426147461 ,0.6651767492294312 ,0.7589825987815857 ,0.6245464086532593 ,0.7416802048683167 ,0.5926765203475952 ,0.7273209691047668 ,0.5598106384277344
19,/data/MGDataset/real_data_224/rgb/real_rgb_Right_tap_on_proximal_phalanx_of_index_finger_using_thumb_p=08_g=19_v=36_f=000039.png,0.5540090203285217 ,0.47888436913490295 ,0.5604766011238098 ,0.4241960346698761 ,0.5858961939811707 ,0.37626737356185913 ,0.6027612090110779 ,0.33862972259521484 ,0.6107963919639587 ,0.30677330493927 ,0.6274172067642212 ,0.42320725321769714 ,0.653444230556488 ,0.4093046188354492 ,0.6702347993850708 ,0.40741509199142456 ,0.6832080483436584 ,0.4074813723564148 ,0.6380889415740967 ,0.46178850531578064 ,0.6746455430984497 ,0.4588455855846405 ,0.6948948502540588 ,0.46050509810447693 ,0.7106167674064636 ,0.46312806010246277 ,0.6388465166091919 ,0.4997023940086365 ,0.6740471720695496 ,0.5014813542366028 ,0.6932938694953918 ,0.5041065216064453 ,0.7102779746055603 ,0.5050742626190186 ,0.6300402283668518 ,0.5345916152000427 ,0.6559860706329346 ,0.5492068529129028 ,0.6715661883354187 ,0.5575820803642273 ,0.6853587627410889 ,0.5632413029670715
5,/data/MGDataset/real_data_224/rgb/real_rgb_Right_double_tap_on_proximal_phalanx_of_middle_finger_using_thumb_p=05_g=5_v=34_f=000042.png,0.5722254514694214 ,0.5688402652740479 ,0.6138194799423218 ,0.49248966574668884 ,0.6577964425086975 ,0.46097296476364136 ,0.7065982222557068 ,0.46554797887802124 ,0.748162567615509 ,0.47990208864212036 ,0.6607503294944763 ,0.4828893542289734 ,0.7007389068603516 ,0.4690321683883667 ,0.7282576560974121 ,0.4674762785434723 ,0.7512364983558655 ,0.4690128564834595 ,0.6646257638931274 ,0.5250970721244812 ,0.7145429253578186 ,0.5278880596160889 ,0.7500618100166321 ,0.5331579446792603 ,0.7798998951911926 ,0.5407169461250305 ,0.6619129180908203 ,0.5643700361251831 ,0.7046164274215698 ,0.5816174745559692 ,0.7396405339241028 ,0.5940017104148865 ,0.7690565586090088 ,0.607660710811615 ,0.6523668169975281 ,0.6009365320205688 ,0.6792161464691162 ,0.6158695816993713 ,0.695300281047821 ,0.6279910802841187 ,0.7103165984153748 ,0.6409002542495728
24,/data/MGDataset/real_data_224/rgb/real_rgb_Right_slide_thumb_backward_on_index_finger_p=04_g=24_v=16_f=000049.png,0.645950436592102 ,0.6302035450935364 ,0.6722997426986694 ,0.5648672580718994 ,0.7000001668930054 ,0.5196312665939331 ,0.7395669221878052 ,0.5025333762168884 ,0.7719876170158386 ,0.4995422661304474 ,0.7021715641021729 ,0.5226926803588867 ,0.7361900210380554 ,0.5099612474441528 ,0.7600617408752441 ,0.5132975578308105 ,0.7763752937316895 ,0.5171701312065125 ,0.7091854214668274 ,0.5568180084228516 ,0.7403293251991272 ,0.5522779226303101 ,0.760896623134613 ,0.557296633720398 ,0.774176836013794 ,0.5612708330154419 ,0.7144736051559448 ,0.5911685824394226 ,0.7425011396408081 ,0.5872372984886169 ,0.7602935433387756 ,0.5911493897438049 ,0.7699283957481384 ,0.5950091481208801 ,0.715482234954834 ,0.6270796656608582 ,0.7435869574546814 ,0.6250406503677368 ,0.7581459283828735 ,0.6230048537254333 ,0.7657979726791382 ,0.6213375329971313
9,/data/MGDataset/real_data_224/rgb/real_rgb_Right_zoom_in_with_index_finger_and_thumb_p=09_g=9_v=18_f=000015.png,0.6484246253967285 ,0.6074408292770386 ,0.6312346458435059 ,0.5525141954421997 ,0.6355735659599304 ,0.4890245199203491 ,0.6418203115463257 ,0.4408266246318817 ,0.6383553147315979 ,0.4024769961833954 ,0.6641610860824585 ,0.4692282974720001 ,0.6806451082229614 ,0.4093566834926605 ,0.6904935240745544 ,0.373041570186615 ,0.6965423822402954 ,0.34344482421875 ,0.681526780128479 ,0.4818314015865326 ,0.6970105767250061 ,0.42270851135253906 ,0.7043586373329163 ,0.382649302482605 ,0.7073965072631836 ,0.35230177640914917 ,0.6947576999664307 ,0.5053662061691284 ,0.7118440866470337 ,0.460243284702301 ,0.7198550701141357 ,0.430456280708313 ,0.7249682545661926 ,0.40528246760368347 ,0.703620970249176 ,0.5372613668441772 ,0.7176697850227356 ,0.5154696702957153 ,0.7233334183692932 ,0.49786871671676636 ,0.7279385328292847 ,0.4818289279937744
45,/data/MGDataset/real_data_224/rgb/real_rgb_Right_zoom_in_using_palm_p=09_g=45_v=18_f=000004.png,0.6274612545967102 ,0.6449889540672302 ,0.6150771379470825 ,0.5939362049102783 ,0.617141604423523 ,0.5355038642883301 ,0.6238441467285156 ,0.48659539222717285 ,0.6218360662460327 ,0.4456190764904022 ,0.6505189538002014 ,0.5057593584060669 ,0.667502224445343 ,0.43855756521224976 ,0.6764774918556213 ,0.3982961177825928 ,0.682491660118103 ,0.3659195303916931 ,0.6693518757820129 ,0.5217232704162598 ,0.691994845867157 ,0.4587670862674713 ,0.7059506177902222 ,0.4226205348968506 ,0.7165157794952393 ,0.39609381556510925 ,0.6824331283569336 ,0.5500150918960571 ,0.7072886228561401 ,0.502169132232666 ,0.7233712673187256 ,0.47236257791519165 ,0.735939621925354 ,0.4475066661834717 ,0.6913509964942932 ,0.5876374244689941 ,0.7126944661140442 ,0.5645180940628052 ,0.7264987826347351 ,0.5459629893302917 ,0.7383052110671997 ,0.5286944508552551
24,/data/MGDataset/real_data_224/rgb/real_rgb_Left_slide_thumb_backward_on_index_finger_p=08_g=24_v=4_f=000016.png,0.7234889268875122 ,0.6192024350166321 ,0.7358294129371643 ,0.5658738017082214 ,0.735204815864563 ,0.5075763463973999 ,0.7164305448532104 ,0.4710789918899536 ,0.684786319732666 ,0.447841078042984 ,0.747427761554718 ,0.4765870273113251 ,0.7399591207504272 ,0.4295775294303894 ,0.7272646427154541 ,0.39098048210144043 ,0.7103860378265381 ,0.35632359981536865 ,0.7313808798789978 ,0.5059517621994019 ,0.6792851686477661 ,0.5005925893783569 ,0.6382337808609009 ,0.4947044551372528 ,0.6078636646270752 ,0.48512762784957886 ,0.7180347442626953 ,0.548399806022644 ,0.6687118411064148 ,0.5519694685935974 ,0.6326779127120972 ,0.5478296279907227 ,0.6053699254989624 ,0.538468062877655 ,0.7113361954689026 ,0.5933219790458679 ,0.6791877150535583 ,0.6031526327133179 ,0.6560631394386292 ,0.6067264676094055 ,0.6397020816802979 ,0.6044377088546753
10,/data/MGDataset/real_data_224/rgb/real_rgb_Left_double_tap_on_distal_phalanx_of_ring_finger_using_thumb_p=08_g=10_v=5_f=000054.png,0.7588186264038086 ,0.5877537727355957 ,0.7675898671150208 ,0.529730498790741 ,0.7590323686599731 ,0.45170652866363525 ,0.7378294467926025 ,0.399345338344574 ,0.7171769738197327 ,0.35746169090270996 ,0.7599670886993408 ,0.45774465799331665 ,0.755817711353302 ,0.41856253147125244 ,0.741016685962677 ,0.387891560792923 ,0.7244067788124084 ,0.35856300592422485 ,0.7313424348831177 ,0.49116966128349304 ,0.6758893132209778 ,0.4829125702381134 ,0.6362651586532593 ,0.4785195589065552 ,0.606054961681366 ,0.4709034264087677 ,0.7100488543510437 ,0.533560037612915 ,0.6580648422241211 ,0.5393964052200317 ,0.6235895752906799 ,0.5410532355308533 ,0.5951705574989319 ,0.5364844799041748 ,0.7007430791854858 ,0.5756361484527588 ,0.6682404279708862 ,0.6000885963439941 ,0.6457859873771667 ,0.6137425899505615 ,0.6267596483230591 ,0.6170334815979004
33,/data/MGDataset/real_data_224/rgb/real_rgb_Right_double_tap_on_proximal_phalanx_of_index_finger_using_thumb_p=05_g=33_v=4_f=000009.png,0.5637164115905762 ,0.5310496091842651 ,0.5659853219985962 ,0.47352853417396545 ,0.5888894200325012 ,0.4230841398239136 ,0.6131121516227722 ,0.3918156623840332 ,0.6233746409416199 ,0.36157679557800293 ,0.6236047744750977 ,0.45861974358558655 ,0.6557672023773193 ,0.4405154883861542 ,0.6766379475593567 ,0.43602830171585083 ,0.6956855058670044 ,0.434462308883667 ,0.6342560052871704 ,0.4961112141609192 ,0.6725822687149048 ,0.4896196722984314 ,0.6951813697814941 ,0.4894587993621826 ,0.7152069211006165 ,0.4903468191623688 ,0.6351025700569153 ,0.5325512886047363 ,0.6723712682723999 ,0.5286195874214172 ,0.6931595802307129 ,0.5279626250267029 ,0.7121217250823975 ,0.5261476635932922 ,0.6280112266540527 ,0.5669362545013428 ,0.6571871638298035 ,0.5755324363708496 ,0.6734597682952881 ,0.5795117020606995 ,0.6887496113777161 ,0.5804134011268616
45,/data/MGDataset/real_data_224/rgb/real_rgb_Right_zoom_in_using_palm_p=04_g=45_v=9_f=000037.png,0.6194886565208435 ,0.610273003578186 ,0.6459988355636597 ,0.5423077344894409 ,0.6747896671295166 ,0.494149386882782 ,0.7152845859527588 ,0.4734719693660736 ,0.7563386559486389 ,0.46822839975357056 ,0.6914011836051941 ,0.4912952482700348 ,0.727976381778717 ,0.47651293873786926 ,0.7540488243103027 ,0.478702187538147 ,0.7733041048049927 ,0.48145076632499695 ,0.6998902559280396 ,0.5227372646331787 ,0.7347730398178101 ,0.5129743814468384 ,0.760061502456665 ,0.5129917860031128 ,0.7803906202316284 ,0.5127179622650146 ,0.7055731415748596 ,0.5557917356491089 ,0.7400990724563599 ,0.5486830472946167 ,0.765475332736969 ,0.5478151440620422 ,0.7820924520492554 ,0.547966718673706 ,0.706788957118988 ,0.5910559892654419 ,0.7401039600372314 ,0.5836821794509888 ,0.761893093585968 ,0.5816577672958374 ,0.779841423034668 ,0.5807871222496033
14,/data/MGDataset/real_data_224/rgb/real_rgb_Left_tap_on_distal_phalanx_of_middle_finger_using_thumb_p=11_g=14_v=39_f=000018.png,0.7224045991897583 ,0.4962247312068939 ,0.7298578023910522 ,0.5364440679550171 ,0.7149586081504822 ,0.5551669597625732 ,0.6849498748779297 ,0.5568007230758667 ,0.6475439071655273 ,0.5538008809089661 ,0.701782763004303 ,0.548335611820221 ,0.6442229151725769 ,0.5368337631225586 ,0.6089454889297485 ,0.5287781357765198 ,0.5835433602333069 ,0.520800769329071 ,0.696485698223114 ,0.5154064297676086 ,0.6335150003433228 ,0.48711785674095154 ,0.5938074588775635 ,0.4704763889312744 ,0.5645290613174438 ,0.458405464887619 ,0.6960750818252563 ,0.4788024425506592 ,0.6457980871200562 ,0.4416748583316803 ,0.6132679581642151 ,0.41660454869270325 ,0.5849595069885254 ,0.40180712938308716 ,0.6986252069473267 ,0.44760406017303467 ,0.6808393597602844 ,0.41102442145347595 ,0.6680327653884888 ,0.38709062337875366 ,0.6540195941925049 ,0.36789363622665405
4,/data/MGDataset/real_data_224/rgb/real_rgb_Right_rub_thumb_on_index_finger_anti-clockwise_p=08_g=4_v=16_f=000015.png,0.5978171229362488 ,0.5213756561279297 ,0.6124581694602966 ,0.4822446405887604 ,0.6384007930755615 ,0.44893214106559753 ,0.6597922444343567 ,0.4239994287490845 ,0.6696291565895081 ,0.40693336725234985 ,0.6422778964042664 ,0.4625493884086609 ,0.6852951049804688 ,0.46030110120773315 ,0.7079648375511169 ,0.4643048644065857 ,0.7225382328033447 ,0.46857330203056335 ,0.6442943215370178 ,0.48902738094329834 ,0.6891380548477173 ,0.48432889580726624 ,0.7106804847717285 ,0.48482996225357056 ,0.7206369042396545 ,0.4862080216407776 ,0.6436413526535034 ,0.5157185792922974 ,0.6850912570953369 ,0.5131164789199829 ,0.7069187164306641 ,0.5106599926948547 ,0.7189472913742065 ,0.5082773566246033 ,0.6416282653808594 ,0.5426259636878967 ,0.6713771820068359 ,0.5505439639091492 ,0.6889703869819641 ,0.5539280772209167 ,0.701819121837616 ,0.5546935200691223
29,/data/MGDataset/real_data_224/rgb/real_rgb_Right_index_finger_double_tap_p=09_g=29_v=44_f=000012.png,0.6589886546134949 ,0.6760101914405823 ,0.6621441841125488 ,0.6348159313201904 ,0.6779558658599854 ,0.5923901796340942 ,0.7111182808876038 ,0.5595796704292297 ,0.7391294240951538 ,0.5324443578720093 ,0.675383985042572 ,0.5310315489768982 ,0.7088449597358704 ,0.4958477318286896 ,0.7381325960159302 ,0.4749237298965454 ,0.7637951374053955 ,0.4588240385055542 ,0.6996815800666809 ,0.5516270399093628 ,0.7365362644195557 ,0.5237126350402832 ,0.7389769554138184 ,0.5427711009979248 ,0.7329868078231812 ,0.5650551319122314 ,0.7162759900093079 ,0.5775003433227539 ,0.7420843243598938 ,0.5623704791069031 ,0.7425514459609985 ,0.5771653652191162 ,0.7361142635345459 ,0.5923649668693542 ,0.7243790626525879 ,0.6069430112838745 ,0.7422518134117126 ,0.5972455739974976 ,0.7406913042068481 ,0.6058235764503479 ,0.733801007270813 ,0.6141562461853027
4,/data/MGDataset/real_data_224/rgb/real_rgb_Right_rub_thumb_on_index_finger_anti-clockwise_p=09_g=4_v=46_f=000035.png,0.6442859172821045 ,0.6333138346672058 ,0.6604394316673279 ,0.5596746206283569 ,0.673215925693512 ,0.49387210607528687 ,0.6882703304290771 ,0.4452909827232361 ,0.692446768283844 ,0.40091484785079956 ,0.6895001530647278 ,0.4964338541030884 ,0.7115331888198853 ,0.4549926519393921 ,0.7317512631416321 ,0.42864787578582764 ,0.7497404217720032 ,0.4077494144439697 ,0.7020343542098999 ,0.5251928567886353 ,0.7260121703147888 ,0.49772465229034424 ,0.7458566427230835 ,0.485035240650177 ,0.7637090682983398 ,0.47810670733451843 ,0.7091924548149109 ,0.5568332076072693 ,0.734623908996582 ,0.5379952788352966 ,0.7468742728233337 ,0.5317509174346924 ,0.755262017250061 ,0.5304889678955078 ,0.7128616571426392 ,0.5905635356903076 ,0.7283515334129333 ,0.5879069566726685 ,0.7366781234741211 ,0.5817970037460327 ,0.7438422441482544 ,0.5776557326316833
47,/data/MGDataset/real_data_224/rgb/real_rgb_Left_double_tap_on_middle_phalanx_of_ring_finger_using_thumb_p=06_g=47_v=33_f=000021.png,0.7134538292884827 ,0.46062541007995605 ,0.7410982251167297 ,0.49691855907440186 ,0.7573641538619995 ,0.5297437906265259 ,0.7659768462181091 ,0.5537985563278198 ,0.7718083262443542 ,0.5558488368988037 ,0.7204713821411133 ,0.5125663876533508 ,0.6730791330337524 ,0.5271402597427368 ,0.643197774887085 ,0.5345607995986938 ,0.6109989881515503 ,0.5433281660079956 ,0.6963501572608948 ,0.47558021545410156 ,0.6371142268180847 ,0.48222631216049194 ,0.6024225950241089 ,0.4830697774887085 ,0.5681890249252319 ,0.4840954542160034 ,0.6811215877532959 ,0.43735945224761963 ,0.6263564229011536 ,0.43687111139297485 ,0.5930693745613098 ,0.4366609454154968 ,0.5624324679374695 ,0.4406690299510956 ,0.6742199063301086 ,0.40509968996047974 ,0.6415477395057678 ,0.38441234827041626 ,0.6192929148674011 ,0.368070513010025 ,0.5972416996955872 ,0.35670754313468933
42,/data/MGDataset/real_data_224/rgb/real_rgb_Left_rotate_index_finger_clock_wise_p=05_g=42_v=30_f=000021.png,0.7216225266456604 ,0.5465741157531738 ,0.7157745957374573 ,0.5089845061302185 ,0.70237135887146 ,0.4722311496734619 ,0.6806153059005737 ,0.46988439559936523 ,0.6646471619606018 ,0.48470669984817505 ,0.6993117332458496 ,0.4668145775794983 ,0.6670708656311035 ,0.4437386393547058 ,0.6367481350898743 ,0.44982367753982544 ,0.608676552772522 ,0.46316206455230713 ,0.7024445533752441 ,0.500264048576355 ,0.6760979294776917 ,0.4876765310764313 ,0.6750897169113159 ,0.4961603581905365 ,0.6822382211685181 ,0.5037779211997986 ,0.7034689784049988 ,0.537799060344696 ,0.6794376969337463 ,0.5321869254112244 ,0.678996205329895 ,0.5361375212669373 ,0.6855583190917969 ,0.5376954078674316 ,0.7073513269424438 ,0.5737087726593018 ,0.6830536723136902 ,0.5721356272697449 ,0.6790024042129517 ,0.5691008567810059 ,0.6826521158218384 ,0.5652192831039429
28,/data/MGDataset/real_data_224/rgb/real_rgb_Left_double_tap_on_proximal_phalanx_of_last_finger_using_thumb_p=05_g=28_v=6_f=000021.png,0.7505010962486267 ,0.5346459150314331 ,0.7447219491004944 ,0.48084375262260437 ,0.723888635635376 ,0.4253842532634735 ,0.7072184681892395 ,0.3898315727710724 ,0.6891859769821167 ,0.3592149019241333 ,0.6870525479316711 ,0.4434279501438141 ,0.6506593227386475 ,0.42391473054885864 ,0.6249670386314392 ,0.4217596650123596 ,0.603901743888855 ,0.4252930283546448 ,0.6821390986442566 ,0.4742223620414734 ,0.6347265839576721 ,0.46521347761154175 ,0.6064267754554749 ,0.4626951813697815 ,0.5870119333267212 ,0.4640253186225891 ,0.6836868524551392 ,0.5095316767692566 ,0.6424393653869629 ,0.504680335521698 ,0.6160068511962891 ,0.5018686652183533 ,0.5956838726997375 ,0.4998578727245331 ,0.6894890666007996 ,0.5437794923782349 ,0.6574435234069824 ,0.5401062965393066 ,0.6358412504196167 ,0.5364599227905273 ,0.6172783970832825 ,0.5332438945770264
32,/data/MGDataset/real_data_224/rgb/real_rgb_Right_rub_thumb_on_index_finger_clockwise_p=11_g=32_v=44_f=000073.png,0.6810644268989563 ,0.5051461458206177 ,0.6806889176368713 ,0.4714851677417755 ,0.6914358139038086 ,0.4379967749118805 ,0.705224871635437 ,0.40991419553756714 ,0.7199454307556152 ,0.39244359731674194 ,0.6861719489097595 ,0.461564838886261 ,0.6963731050491333 ,0.450554221868515 ,0.7083269953727722 ,0.43888407945632935 ,0.7231926918029785 ,0.42712685465812683 ,0.6850981116294861 ,0.488685667514801 ,0.7007834315299988 ,0.4738888442516327 ,0.7152803540229797 ,0.4618854522705078 ,0.7303302884101868 ,0.4500041902065277 ,0.6834591031074524 ,0.5143088102340698 ,0.7001041769981384 ,0.5013691782951355 ,0.716321587562561 ,0.49059996008872986 ,0.7346277832984924 ,0.4806721806526184 ,0.6816427707672119 ,0.5382347702980042 ,0.6984441876411438 ,0.5309969782829285 ,0.7144590020179749 ,0.5213965773582458 ,0.7306143045425415 ,0.5127319693565369
32,/data/MGDataset/real_data_224/rgb/real_rgb_Left_rub_thumb_on_index_finger_clockwise_p=06_g=32_v=26_f=000045.png,0.704063355922699 ,0.48786646127700806 ,0.7156450152397156 ,0.4470917582511902 ,0.7067568302154541 ,0.4217679798603058 ,0.6889249086380005 ,0.40219464898109436 ,0.6686327457427979 ,0.39153704047203064 ,0.6894733905792236 ,0.43288999795913696 ,0.6658687591552734 ,0.4274695813655853 ,0.6728965044021606 ,0.4157780110836029 ,0.6877877712249756 ,0.40407341718673706 ,0.6869545578956604 ,0.4618595242500305 ,0.6546680927276611 ,0.46107468008995056 ,0.6766712069511414 ,0.45137444138526917 ,0.7033783197402954 ,0.43942829966545105 ,0.6872658133506775 ,0.48965978622436523 ,0.6587326526641846 ,0.4930322468280792 ,0.6854748725891113 ,0.48554936051368713 ,0.7146950364112854 ,0.476423978805542 ,0.6907102465629578 ,0.5149496793746948 ,0.6768282651901245 ,0.5200791954994202 ,0.6932181119918823 ,0.5131662487983704 ,0.7134255766868591 ,0.5035532712936401
5,/data/MGDataset/real_data_224/rgb/real_rgb_Left_double_tap_on_proximal_phalanx_of_middle_finger_using_thumb_p=05_g=5_v=15_f=000058.png,0.7326000332832336 ,0.5099986791610718 ,0.7392870783805847 ,0.47489216923713684 ,0.7220439910888672 ,0.4345252215862274 ,0.7026472687721252 ,0.40325728058815 ,0.6884677410125732 ,0.3766438364982605 ,0.6884341239929199 ,0.4525021016597748 ,0.6519349217414856 ,0.44544997811317444 ,0.6268773078918457 ,0.4488910138607025 ,0.6053658723831177 ,0.45358914136886597 ,0.6828039884567261 ,0.4758481979370117 ,0.646970272064209 ,0.4775044918060303 ,0.6205071210861206 ,0.48212701082229614 ,0.5983469486236572 ,0.48439908027648926 ,0.68279629945755 ,0.49901407957077026 ,0.6506184935569763 ,0.5003006458282471 ,0.6256546974182129 ,0.5033230185508728 ,0.6058893203735352 ,0.5041009783744812 ,0.6876795291900635 ,0.519339382648468 ,0.6617018580436707 ,0.5200760364532471 ,0.6438202261924744 ,0.5233137607574463 ,0.6294079422950745 ,0.5245878100395203
8,/data/MGDataset/real_data_224/rgb/real_rgb_Right_hand_open_p=11_g=8_v=40_f=000072.png,0.6177123785018921 ,0.5096434950828552 ,0.6318742036819458 ,0.45916247367858887 ,0.6558066010475159 ,0.41674548387527466 ,0.6822182536125183 ,0.39196494221687317 ,0.6990364789962769 ,0.3717929720878601 ,0.6796631217002869 ,0.43244072794914246 ,0.7187052965164185 ,0.4161913990974426 ,0.742409348487854 ,0.4129667282104492 ,0.7641187906265259 ,0.41019877791404724 ,0.6859585046768188 ,0.46276554465293884 ,0.7278302907943726 ,0.4480024576187134 ,0.7547609806060791 ,0.44203615188598633 ,0.7797526121139526 ,0.43805351853370667 ,0.6871716976165771 ,0.4922652542591095 ,0.7247524857521057 ,0.4825715124607086 ,0.7493535280227661 ,0.4764540493488312 ,0.7720404267311096 ,0.4712529182434082 ,0.6851364970207214 ,0.5219244360923767 ,0.713651716709137 ,0.5171637535095215 ,0.7324909567832947 ,0.5112035274505615 ,0.7503455281257629 ,0.5050981640815735
5,/data/MGDataset/real_data_224/rgb/real_rgb_Right_double_tap_on_proximal_phalanx_of_middle_finger_using_thumb_p=11_g=5_v=32_f=000008.png,0.6295601725578308 ,0.5235682725906372 ,0.6365739107131958 ,0.4661591649055481 ,0.6645567417144775 ,0.4161085784435272 ,0.6892004013061523 ,0.38013434410095215 ,0.7037887573242188 ,0.3499676585197449 ,0.69816654920578 ,0.44946780800819397 ,0.7300695180892944 ,0.42515236139297485 ,0.7521353960037231 ,0.41311943531036377 ,0.771045982837677 ,0.4035665690898895 ,0.7099143862724304 ,0.4838663935661316 ,0.7459338307380676 ,0.46917521953582764 ,0.770261824131012 ,0.4611939787864685 ,0.7899020910263062 ,0.45497390627861023 ,0.7117321491241455 ,0.5193208456039429 ,0.7432428002357483 ,0.5140590071678162 ,0.7654756903648376 ,0.5117068290710449 ,0.7835419178009033 ,0.5093051791191101 ,0.7059285044670105 ,0.5534088611602783 ,0.7321537137031555 ,0.5537927150726318 ,0.7495980262756348 ,0.553827166557312 ,0.7643090486526489 ,0.553449273109436
43,/data/MGDataset/real_data_224/rgb/real_rgb_Right_double_tap_on_distal_phalanx_of_middle_finger_using_thumb_p=04_g=43_v=36_f=000005.png,0.664679765701294 ,0.56105637550354 ,0.661270260810852 ,0.49764928221702576 ,0.6776025295257568 ,0.43613216280937195 ,0.6889086961746216 ,0.38731732964515686 ,0.6945525407791138 ,0.3482000529766083 ,0.745633065700531 ,0.46318256855010986 ,0.7903007864952087 ,0.4438832104206085 ,0.7948247194290161 ,0.4484519362449646 ,0.7853725552558899 ,0.4562353789806366 ,0.7613024115562439 ,0.49955371022224426 ,0.8087738156318665 ,0.4828879237174988 ,0.8182194232940674 ,0.48295992612838745 ,0.8156418204307556 ,0.4842502772808075 ,0.7660573720932007 ,0.5366312861442566 ,0.8077296018600464 ,0.5238643884658813 ,0.8194229006767273 ,0.5210177302360535 ,0.8207023739814758 ,0.5170741081237793 ,0.7636067271232605 ,0.5760383605957031 ,0.7963188886642456 ,0.5713608860969543 ,0.8065448999404907 ,0.5658111572265625 ,0.8094690442085266 ,0.5577070713043213
15,/data/MGDataset/real_data_224/rgb/real_rgb_Left_index_finger_single_tap_p=05_g=15_v=19_f=000013.png,0.7536808252334595 ,0.5336818099021912 ,0.7444462180137634 ,0.49015751481056213 ,0.72252357006073 ,0.45128968358039856 ,0.7014105319976807 ,0.4311506748199463 ,0.6793709993362427 ,0.4135877192020416 ,0.6644247770309448 ,0.471342533826828 ,0.6270817518234253 ,0.46179428696632385 ,0.6068325042724609 ,0.45614826679229736 ,0.591558039188385 ,0.4512028098106384 ,0.6586771011352539 ,0.5071898102760315 ,0.6267759203910828 ,0.5014317631721497 ,0.64447420835495 ,0.49637871980667114 ,0.6662554144859314 ,0.49580296874046326 ,0.6616070866584778 ,0.5434761047363281 ,0.626734733581543 ,0.5428398251533508 ,0.6454491019248962 ,0.5348315834999084 ,0.6697162389755249 ,0.5324006676673889 ,0.6704261302947998 ,0.5800603032112122 ,0.6391242146492004 ,0.5822810530662537 ,0.6521767377853394 ,0.5728368163108826 ,0.6728383302688599 ,0.5675036907196045
27,/data/MGDataset/real_data_224/rgb/real_rgb_Right_three_p=04_g=27_v=38_f=000039.png,0.6661604046821594 ,0.5261632204055786 ,0.679658830165863 ,0.4828649163246155 ,0.721439003944397 ,0.45182543992996216 ,0.7633593082427979 ,0.42946428060531616 ,0.7994617223739624 ,0.4017390310764313 ,0.7394807934761047 ,0.4812496602535248 ,0.7798676490783691 ,0.47139352560043335 ,0.8073868155479431 ,0.45854800939559937 ,0.8276416063308716 ,0.4427017569541931 ,0.7349233031272888 ,0.516598105430603 ,0.7766868472099304 ,0.510657012462616 ,0.8030466437339783 ,0.5051231980323792 ,0.8211008906364441 ,0.49684926867485046 ,0.7166616916656494 ,0.5500609874725342 ,0.7396178245544434 ,0.549907922744751 ,0.7479540705680847 ,0.5438950657844543 ,0.7529624700546265 ,0.5370842218399048 ,0.6892673969268799 ,0.5777971744537354 ,0.7038562893867493 ,0.586986780166626 ,0.7054407000541687 ,0.5828448534011841 ,0.7056102752685547 ,0.5768366456031799
17,/data/MGDataset/real_data_224/rgb/real_rgb_Right_tap_on_middle_phalanx_of_index_finger_using_thumb_p=04_g=17_v=20_f=000074.png,0.6361864805221558 ,0.592719316482544 ,0.6268226504325867 ,0.5377987027168274 ,0.6317123174667358 ,0.4837094843387604 ,0.6344884634017944 ,0.4351961612701416 ,0.6314807534217834 ,0.40150097012519836 ,0.6975839138031006 ,0.49576789140701294 ,0.7356838583946228 ,0.47111549973487854 ,0.7419778108596802 ,0.4672442376613617 ,0.7321450114250183 ,0.47125545144081116 ,0.715279221534729 ,0.524528980255127 ,0.7549480199813843 ,0.5015764236450195 ,0.7639552354812622 ,0.49734506011009216 ,0.7570596933364868 ,0.5001480579376221 ,0.7216329574584961 ,0.5587645173072815 ,0.7558362483978271 ,0.5411723852157593 ,0.7652535438537598 ,0.535934567451477 ,0.7617176175117493 ,0.5331545472145081 ,0.7195227742195129 ,0.5947403907775879 ,0.7482642531394958 ,0.5856751203536987 ,0.7547455430030823 ,0.5792773962020874 ,0.751659631729126 ,0.5743784308433533
31,/data/MGDataset/real_data_224/rgb/real_rgb_Left_double_tap_on_distal_phalanx_of_index_finger_using_thumb_p=05_g=31_v=21_f=000037.png,0.7263513803482056 ,0.5458370447158813 ,0.7314369082450867 ,0.49951547384262085 ,0.705238938331604 ,0.4648159444332123 ,0.6736055016517639 ,0.4383872449398041 ,0.6420931220054626 ,0.41939467191696167 ,0.6663137078285217 ,0.5097007155418396 ,0.6261422038078308 ,0.49036070704460144 ,0.598180890083313 ,0.47866466641426086 ,0.5774640440940857 ,0.4748861789703369 ,0.6608860492706299 ,0.547312319278717 ,0.607466459274292 ,0.5382915735244751 ,0.5801529884338379 ,0.5333848595619202 ,0.5686355233192444 ,0.5302558541297913 ,0.6678490042686462 ,0.5786816477775574 ,0.614829421043396 ,0.5748387575149536 ,0.5905048251152039 ,0.5679903626441956 ,0.5802000761032104 ,0.5620414614677429 ,0.6843624711036682 ,0.604806661605835 ,0.6426398158073425 ,0.6122775077819824 ,0.6170812249183655 ,0.608315110206604 ,0.6003463268280029 ,0.6039072871208191
32,/data/MGDataset/real_data_224/rgb/real_rgb_Left_rub_thumb_on_index_finger_clockwise_p=04_g=32_v=38_f=000011.png,0.7588964700698853 ,0.6196154356002808 ,0.7688093781471252 ,0.5691871643066406 ,0.7626244425773621 ,0.5184004902839661 ,0.7597252130508423 ,0.4703822433948517 ,0.7623768448829651 ,0.42808228731155396 ,0.7029168009757996 ,0.5555788278579712 ,0.668571412563324 ,0.5497794151306152 ,0.645021915435791 ,0.547123372554779 ,0.6212399005889893 ,0.5441234111785889 ,0.6906898021697998 ,0.5927504301071167 ,0.6511076092720032 ,0.5916436910629272 ,0.6248490214347839 ,0.5902602076530457 ,0.5992835164070129 ,0.5872156023979187 ,0.6911309957504272 ,0.6279321908950806 ,0.6530749201774597 ,0.629902184009552 ,0.6305428147315979 ,0.6287230253219604 ,0.608535647392273 ,0.6247469186782837 ,0.700211763381958 ,0.6587190628051758 ,0.667952299118042 ,0.6653895378112793 ,0.653955340385437 ,0.6675543189048767 ,0.638597846031189 ,0.6660496592521667
0,/data/MGDataset/real_data_224/rgb/real_rgb_Right_tap_on_distal_phalanx_of_index_finger_using_thumb_p=11_g=0_v=42_f=000011.png,0.6373502612113953 ,0.5163733959197998 ,0.6367086172103882 ,0.5631215572357178 ,0.6512594819068909 ,0.6035369634628296 ,0.658663272857666 ,0.6374797224998474 ,0.6517670154571533 ,0.6619064807891846 ,0.6735849976539612 ,0.5631654858589172 ,0.6993948221206665 ,0.5605870485305786 ,0.7180131673812866 ,0.5573586821556091 ,0.7336412072181702 ,0.551529049873352 ,0.6770164966583252 ,0.5231317281723022 ,0.7111196517944336 ,0.5072108507156372 ,0.7332649827003479 ,0.5002054572105408 ,0.74835205078125 ,0.49047917127609253 ,0.6726832985877991 ,0.4853259325027466 ,0.7091047167778015 ,0.46231943368911743 ,0.7277612686157227 ,0.443491667509079 ,0.7448350787162781 ,0.42632967233657837 ,0.6637390851974487 ,0.45384126901626587 ,0.6887749433517456 ,0.42908990383148193 ,0.7045795321464539 ,0.4109594225883484 ,0.7194675803184509 ,0.39386501908302307
46,/data/MGDataset/real_data_224/rgb/real_rgb_Right_five_p=07_g=46_v=45_f=000041.png,0.59107506275177 ,0.5405556559562683 ,0.6138380765914917 ,0.4687451124191284 ,0.6568734049797058 ,0.40917372703552246 ,0.6968832015991211 ,0.3855908513069153 ,0.708362877368927 ,0.4127837121486664 ,0.6878951787948608 ,0.4559170603752136 ,0.7237708568572998 ,0.45201969146728516 ,0.6981257200241089 ,0.4456181526184082 ,0.6840646266937256 ,0.446673721075058 ,0.686339259147644 ,0.5047360062599182 ,0.7241575717926025 ,0.5007156729698181 ,0.6851948499679565 ,0.4895247220993042 ,0.6716209053993225 ,0.49050843715667725 ,0.6788946390151978 ,0.5509181618690491 ,0.7176058292388916 ,0.5460081696510315 ,0.6739609837532043 ,0.5325501561164856 ,0.6585788726806641 ,0.5321525931358337 ,0.6638458967208862 ,0.5938663482666016 ,0.6937716603279114 ,0.5876978039741516 ,0.6631674766540527 ,0.5719248056411743 ,0.6476984620094299 ,0.5677039623260498
30,/data/MGDataset/real_data_224/rgb/real_rgb_Right_rotate_index_finger_anti-clock_wise_p=08_g=30_v=0_f=000016.png,0.520967423915863 ,0.4665398597717285 ,0.5579972267150879 ,0.42953556776046753 ,0.5913410186767578 ,0.4131106734275818 ,0.6227801442146301 ,0.4102874994277954 ,0.6434547305107117 ,0.4080265462398529 ,0.6206896305084229 ,0.4192686975002289 ,0.6603644490242004 ,0.4072795510292053 ,0.6689184904098511 ,0.4064684808254242 ,0.6733385324478149 ,0.4079558551311493 ,0.6275633573532104 ,0.44625359773635864 ,0.6773794293403625 ,0.4402017891407013 ,0.6785573363304138 ,0.44042009115219116 ,0.6733781099319458 ,0.44104790687561035 ,0.6261330842971802 ,0.47441086173057556 ,0.6744442582130432 ,0.4754198491573334 ,0.6705054640769958 ,0.47075188159942627 ,0.6626796722412109 ,0.46778690814971924 ,0.6152386665344238 ,0.504910409450531 ,0.651889443397522 ,0.511085569858551 ,0.651756227016449 ,0.5050245523452759 ,0.6471173763275146 ,0.5008760690689087
12,/data/MGDataset/real_data_224/rgb/real_rgb_Right_index_finger_swipe_down_p=11_g=12_v=3_f=000060.png,0.5842311978340149 ,0.5531397461891174 ,0.6260305643081665 ,0.48588627576828003 ,0.6592321395874023 ,0.43863266706466675 ,0.6970182657241821 ,0.4146307110786438 ,0.7314377427101135 ,0.40302953124046326 ,0.662331759929657 ,0.44299277663230896 ,0.6909239292144775 ,0.4185050129890442 ,0.7105596661567688 ,0.4106484651565552 ,0.7257837653160095 ,0.4022907614707947 ,0.6732854247093201 ,0.47053200006484985 ,0.6991380453109741 ,0.45084065198898315 ,0.7135360836982727 ,0.4495110809803009 ,0.7149016857147217 ,0.4474796652793884 ,0.6832981109619141 ,0.49843037128448486 ,0.70860356092453 ,0.48220717906951904 ,0.7180588245391846 ,0.4776914417743683 ,0.7146592736244202 ,0.4711107015609741 ,0.6876789331436157 ,0.5298647880554199 ,0.7135530114173889 ,0.5165454149246216 ,0.7264237403869629 ,0.5064235925674438 ,0.7270940542221069 ,0.49549219012260437
36,/data/MGDataset/real_data_224/rgb/real_rgb_Right_tap_on_middle_phalanx_of_last_finger_using_thumb_p=05_g=36_v=17_f=000038.png,0.5997142195701599 ,0.5594913959503174 ,0.6037737131118774 ,0.5007207989692688 ,0.6226496696472168 ,0.44874659180641174 ,0.6518827676773071 ,0.4182790517807007 ,0.6782689094543457 ,0.3968006372451782 ,0.6601792573928833 ,0.4859461784362793 ,0.6949188709259033 ,0.46293067932128906 ,0.7183589339256287 ,0.4547332525253296 ,0.7401567101478577 ,0.44952839612960815 ,0.6730404496192932 ,0.5257644057273865 ,0.7108010649681091 ,0.5169805884361267 ,0.7374762892723083 ,0.5170532464981079 ,0.7608941793441772 ,0.5186358094215393 ,0.6755366921424866 ,0.563106119632721 ,0.7094456553459167 ,0.5633609294891357 ,0.7330648899078369 ,0.5669772028923035 ,0.7536805272102356 ,0.5704241991043091 ,0.670087456703186 ,0.5984419584274292 ,0.6939992904663086 ,0.6120242476463318 ,0.7106279730796814 ,0.6203048825263977 ,0.7268720269203186 ,0.6268858909606934
34,/data/MGDataset/real_data_224/rgb/real_rgb_Right_tap_on_middle_phalanx_of_middle_finger_using_thumb_p=05_g=34_v=40_f=000055.png,0.581397294998169 ,0.5724992156028748 ,0.6113798022270203 ,0.5066998600959778 ,0.642964780330658 ,0.4644119441509247 ,0.6815635561943054 ,0.455776572227478 ,0.7120345234870911 ,0.4465794563293457 ,0.6529346108436584 ,0.496479868888855 ,0.6871976852416992 ,0.48096928000450134 ,0.7104034423828125 ,0.47865331172943115 ,0.729491651058197 ,0.4771711826324463 ,0.6541122794151306 ,0.5372463464736938 ,0.6943290829658508 ,0.5324689745903015 ,0.7235185503959656 ,0.5333042144775391 ,0.745161235332489 ,0.5377396941184998 ,0.6523597836494446 ,0.5730180144309998 ,0.6899706125259399 ,0.5776928067207336 ,0.7168114185333252 ,0.5809382200241089 ,0.7389430999755859 ,0.584179699420929 ,0.645018458366394 ,0.6101009845733643 ,0.6757354140281677 ,0.6254417300224304 ,0.6952681541442871 ,0.6310072541236877 ,0.710922122001648 ,0.635245680809021
36,/data/MGDataset/real_data_224/rgb/real_rgb_Right_tap_on_middle_phalanx_of_last_finger_using_thumb_p=08_g=36_v=29_f=000066.png,0.542107880115509 ,0.48499083518981934 ,0.5489783883094788 ,0.43473729491233826 ,0.5732392072677612 ,0.38801687955856323 ,0.5944020748138428 ,0.35320696234703064 ,0.6080538034439087 ,0.3236995041370392 ,0.6079257726669312 ,0.42532631754875183 ,0.6369935274124146 ,0.4081447720527649 ,0.6532013416290283 ,0.4028293192386627 ,0.6663802266120911 ,0.3992047905921936 ,0.6166954636573792 ,0.46188873052597046 ,0.6490785479545593 ,0.4534439742565155 ,0.6660448312759399 ,0.45070746541023254 ,0.6794254183769226 ,0.4487111568450928 ,0.616703987121582 ,0.4991969168186188 ,0.6481735706329346 ,0.49536019563674927 ,0.6650433540344238 ,0.49344369769096375 ,0.6801362633705139 ,0.49021607637405396 ,0.609939455986023 ,0.5351502299308777 ,0.6335228085517883 ,0.5456522107124329 ,0.646515965461731 ,0.5502973198890686 ,0.6583118438720703 ,0.5522486567497253
31,/data/MGDataset/real_data_224/rgb/real_rgb_Left_double_tap_on_distal_phalanx_of_index_finger_using_thumb_p=06_g=31_v=10_f=000012.png,0.6942201256752014 ,0.47658771276474 ,0.7026466727256775 ,0.4258872866630554 ,0.6911295056343079 ,0.3745720684528351 ,0.6756242513656616 ,0.3236209750175476 ,0.6707335114479065 ,0.27913928031921387 ,0.663801908493042 ,0.42858999967575073 ,0.628682017326355 ,0.41171085834503174 ,0.6023164987564087 ,0.3971981406211853 ,0.5733229517936707 ,0.38991135358810425 ,0.6624245643615723 ,0.4708749055862427 ,0.6201907992362976 ,0.46942785382270813 ,0.5890824794769287 ,0.47034960985183716 ,0.5608623027801514 ,0.47545325756073 ,0.6690407991409302 ,0.5069717764854431 ,0.6286394000053406 ,0.5138068199157715 ,0.6000369191169739 ,0.5184078216552734 ,0.5705212950706482 ,0.5262707471847534 ,0.6760637760162354 ,0.53528892993927 ,0.6550508141517639 ,0.5559735298156738 ,0.6308032870292664 ,0.5697219967842102 ,0.6051377058029175 ,0.5833437442779541
38,/data/MGDataset/real_data_224/rgb/real_rgb_Left_tap_on_proximal_phalanx_of_ring_finger_using_thumb_p=04_g=38_v=2_f=000039.png,0.7534406781196594 ,0.5750353336334229 ,0.7534793615341187 ,0.5255771279335022 ,0.7395994067192078 ,0.47651025652885437 ,0.7294322848320007 ,0.4346972405910492 ,0.7196536660194397 ,0.398513525724411 ,0.6904588937759399 ,0.488781601190567 ,0.6575433015823364 ,0.47344714403152466 ,0.6362383365631104 ,0.47043994069099426 ,0.616427481174469 ,0.46740347146987915 ,0.6797166466712952 ,0.5227271318435669 ,0.6420570611953735 ,0.5136687755584717 ,0.6193922758102417 ,0.5098417401313782 ,0.5975618362426758 ,0.5049961805343628 ,0.6791943311691284 ,0.5589580535888672 ,0.6455702781677246 ,0.552042543888092 ,0.6240362524986267 ,0.5472594499588013 ,0.602846622467041 ,0.5402733683586121 ,0.6861220002174377 ,0.5950918793678284 ,0.6590200662612915 ,0.5931200981140137 ,0.6418660283088684 ,0.5905696153640747 ,0.6236818432807922 ,0.5861758589744568
9,/data/MGDataset/real_data_224/rgb/real_rgb_Left_zoom_in_with_index_finger_and_thumb_p=08_g=9_v=15_f=000009.png,0.8151723742485046 ,0.5665894150733948 ,0.8087039589881897 ,0.5098330974578857 ,0.7786423563957214 ,0.4518653154373169 ,0.761597216129303 ,0.4062032699584961 ,0.7567097544670105 ,0.36687982082366943 ,0.7111611366271973 ,0.48007193207740784 ,0.6679285764694214 ,0.4547402560710907 ,0.6395367980003357 ,0.44211530685424805 ,0.6134302616119385 ,0.43233296275138855 ,0.6965737342834473 ,0.5254111886024475 ,0.6471036076545715 ,0.5193493962287903 ,0.6184375286102295 ,0.5170009136199951 ,0.5930113196372986 ,0.5170827507972717 ,0.7004386782646179 ,0.5706896781921387 ,0.6556825637817383 ,0.5733492374420166 ,0.6287917494773865 ,0.5736824870109558 ,0.604832112789154 ,0.5748211741447449 ,0.7182967066764832 ,0.6123817563056946 ,0.6835001707077026 ,0.6292577385902405 ,0.6597904562950134 ,0.6419752836227417 ,0.6364874243736267 ,0.6518911123275757
9,/data/MGDataset/real_data_224/rgb/real_rgb_Left_zoom_in_with_index_finger_and_thumb_p=06_g=9_v=16_f=000037.png,0.8463044762611389 ,0.481014609336853 ,0.8072067499160767 ,0.4600841999053955 ,0.7648625373840332 ,0.4386664927005768 ,0.7331574559211731 ,0.42577627301216125 ,0.710959255695343 ,0.42309635877609253 ,0.7038917541503906 ,0.4070412516593933 ,0.6636205315589905 ,0.38803771138191223 ,0.676356315612793 ,0.3957560658454895 ,0.706872820854187 ,0.4053281843662262 ,0.6968472599983215 ,0.43510836362838745 ,0.6625688076019287 ,0.4301190674304962 ,0.6927345991134644 ,0.43161317706108093 ,0.7265323400497437 ,0.42812103033065796 ,0.6977566480636597 ,0.46500498056411743 ,0.6670515537261963 ,0.46436256170272827 ,0.6949342489242554 ,0.4614112973213196 ,0.727138102054596 ,0.45493727922439575 ,0.7050774097442627 ,0.494573175907135 ,0.6863429546356201 ,0.49829337000846863 ,0.7013249397277832 ,0.4948798418045044 ,0.7200043797492981 ,0.4879891872406006
31,/data/MGDataset/real_data_224/rgb/real_rgb_Left_double_tap_on_distal_phalanx_of_index_finger_using_thumb_p=08_g=31_v=17_f=000047.png,0.8025914430618286 ,0.5546528100967407 ,0.7914113998413086 ,0.49281764030456543 ,0.7747901082038879 ,0.43895867466926575 ,0.7613604664802551 ,0.3990919888019562 ,0.7411466240882874 ,0.38980549573898315 ,0.7096629738807678 ,0.4626985788345337 ,0.6805049777030945 ,0.4324290454387665 ,0.6922815442085266 ,0.4167875349521637 ,0.715910792350769 ,0.4064708948135376 ,0.696075975894928 ,0.4985550045967102 ,0.6589643955230713 ,0.4765394926071167 ,0.6491722464561462 ,0.4570910334587097 ,0.6510741710662842 ,0.4380512833595276 ,0.6944801211357117 ,0.5404577255249023 ,0.657279372215271 ,0.5339587330818176 ,0.6361257433891296 ,0.5252842307090759 ,0.6249548196792603 ,0.5108880400657654 ,0.7044861912727356 ,0.5841916799545288 ,0.6727613210678101 ,0.593163013458252 ,0.6506341099739075 ,0.5991886854171753 ,0.6306403875350952 ,0.597558856010437
0,/data/MGDataset/real_data_224/rgb/real_rgb_Right_tap_on_distal_phalanx_of_index_finger_using_thumb_p=08_g=0_v=22_f=000029.png,0.6178383827209473 ,0.5214629173278809 ,0.622545599937439 ,0.4751643240451813 ,0.6551735401153564 ,0.4274922013282776 ,0.6821132898330688 ,0.38541215658187866 ,0.6939361095428467 ,0.35781705379486084 ,0.6802724599838257 ,0.4744170308113098 ,0.6976328492164612 ,0.45375707745552063 ,0.6992517113685608 ,0.4513755440711975 ,0.7039384245872498 ,0.45644354820251465 ,0.6848469972610474 ,0.5171759128570557 ,0.722467839717865 ,0.5064743161201477 ,0.7157147526741028 ,0.508514404296875 ,0.703356146812439 ,0.5129085779190063 ,0.68142169713974 ,0.5547871589660645 ,0.7156310677528381 ,0.5498945713043213 ,0.7100134491920471 ,0.55106520652771 ,0.7001897096633911 ,0.5561037659645081 ,0.6684855818748474 ,0.5878310203552246 ,0.6999679207801819 ,0.601462721824646 ,0.7055677771568298 ,0.6112973093986511 ,0.7069643139839172 ,0.622992217540741
23,/data/MGDataset/real_data_224/rgb/real_rgb_Left_slide_thumb_forward_on_index_finger_p=08_g=23_v=1_f=000014.png,0.7834996581077576 ,0.5408130884170532 ,0.8009058833122253 ,0.48236000537872314 ,0.7880960702896118 ,0.4182743430137634 ,0.7696202397346497 ,0.36903780698776245 ,0.7626379728317261 ,0.32691890001296997 ,0.7182580828666687 ,0.4597088694572449 ,0.6787325143814087 ,0.43558019399642944 ,0.6495826244354248 ,0.4213174283504486 ,0.6215749979019165 ,0.40935131907463074 ,0.708099365234375 ,0.5081740021705627 ,0.6644224524497986 ,0.5016187429428101 ,0.6320477724075317 ,0.49827685952186584 ,0.6083537936210632 ,0.49298563599586487 ,0.7139395475387573 ,0.5525519847869873 ,0.6705256700515747 ,0.5511544942855835 ,0.6421554088592529 ,0.5504524111747742 ,0.6164875030517578 ,0.5488656163215637 ,0.7282789945602417 ,0.5919824838638306 ,0.6887633800506592 ,0.6075471639633179 ,0.6620039939880371 ,0.6150939464569092 ,0.6386809945106506 ,0.6203311681747437
39,/data/MGDataset/real_data_224/rgb/real_rgb_Left_four_p=08_g=39_v=29_f=000073.png,0.7877137064933777 ,0.5552636981010437 ,0.7602829933166504 ,0.49038517475128174 ,0.7252517342567444 ,0.44705507159233093 ,0.6953482627868652 ,0.44933247566223145 ,0.684230387210846 ,0.46224382519721985 ,0.6755329370498657 ,0.44794929027557373 ,0.6345475316047668 ,0.42237409949302673 ,0.6097509264945984 ,0.4115332067012787 ,0.5870130062103271 ,0.40241679549217224 ,0.6649250388145447 ,0.4884651303291321 ,0.6222842931747437 ,0.47339802980422974 ,0.5947707891464233 ,0.4676588177680969 ,0.5705164074897766 ,0.4614270329475403 ,0.6655474305152893 ,0.5254172086715698 ,0.6270154714584351 ,0.5201212763786316 ,0.6045230627059937 ,0.5180999040603638 ,0.5836416482925415 ,0.514991819858551 ,0.6740427613258362 ,0.5598932504653931 ,0.6478915810585022 ,0.5676267147064209 ,0.6317863464355469 ,0.573845386505127 ,0.6167279481887817 ,0.5783746242523193
0,/data/MGDataset/real_data_224/rgb/real_rgb_Right_tap_on_distal_phalanx_of_index_finger_using_thumb_p=05_g=0_v=29_f=000068.png,0.5946225523948669 ,0.5579078197479248 ,0.5916602611541748 ,0.5147618651390076 ,0.6134085059165955 ,0.4738800525665283 ,0.6418552994728088 ,0.44181540608406067 ,0.6612721085548401 ,0.42206573486328125 ,0.6457592844963074 ,0.5220524668693542 ,0.6796220541000366 ,0.509142279624939 ,0.6968859434127808 ,0.5061911344528198 ,0.7149142026901245 ,0.5092450976371765 ,0.6557866334915161 ,0.5663427710533142 ,0.7010193467140198 ,0.563796877861023 ,0.7152166366577148 ,0.5723947286605835 ,0.7209246754646301 ,0.5815760493278503 ,0.6547393202781677 ,0.6035135388374329 ,0.6892802715301514 ,0.6115060448646545 ,0.7020830512046814 ,0.6224790811538696 ,0.7083868384361267 ,0.6313552260398865 ,0.6457726955413818 ,0.6348305344581604 ,0.6738542318344116 ,0.6601004004478455 ,0.6896182894706726 ,0.6759629845619202 ,0.7002484202384949 ,0.6876553297042847
13,/data/MGDataset/real_data_224/rgb/real_rgb_Left_tap_on_distal_phalanx_of_last_finger_using_thumb_p=05_g=13_v=35_f=000021.png,0.741273045539856 ,0.519302248954773 ,0.7028299570083618 ,0.47767314314842224 ,0.6449440121650696 ,0.4460754096508026 ,0.6097962856292725 ,0.4299694299697876 ,0.5940279960632324 ,0.41794317960739136 ,0.6670957207679749 ,0.4647042453289032 ,0.6417810320854187 ,0.4532928466796875 ,0.6306428909301758 ,0.4475356638431549 ,0.6129927039146423 ,0.44399604201316833 ,0.6770564317703247 ,0.4988389015197754 ,0.6363975405693054 ,0.48545268177986145 ,0.6150188446044922 ,0.4713299572467804 ,0.5979244709014893 ,0.4600938856601715 ,0.6922241449356079 ,0.5315648317337036 ,0.6495488882064819 ,0.5143952965736389 ,0.6284212470054626 ,0.4955907166004181 ,0.6096953749656677 ,0.4805828332901001 ,0.7080842852592468 ,0.5609455108642578 ,0.6818085312843323 ,0.5510582327842712 ,0.6707098484039307 ,0.537474513053894 ,0.6613065600395203 ,0.5214113593101501
28,/data/MGDataset/real_data_224/rgb/real_rgb_Right_double_tap_on_proximal_phalanx_of_last_finger_using_thumb_p=04_g=28_v=21_f=000041.png,0.653168261051178 ,0.5270897746086121 ,0.6433904767036438 ,0.4819013178348541 ,0.6655567288398743 ,0.44924014806747437 ,0.6993899941444397 ,0.43291372060775757 ,0.7375957369804382 ,0.4241645038127899 ,0.701694667339325 ,0.48561257123947144 ,0.7339675426483154 ,0.4706648886203766 ,0.754174530506134 ,0.4538886547088623 ,0.7679625153541565 ,0.43358880281448364 ,0.7124156951904297 ,0.5227175354957581 ,0.743006706237793 ,0.4979078769683838 ,0.7637274265289307 ,0.473859041929245 ,0.7768794894218445 ,0.4504157304763794 ,0.7076531648635864 ,0.553142786026001 ,0.7340661287307739 ,0.5295756459236145 ,0.7539534568786621 ,0.5002474188804626 ,0.7649683356285095 ,0.4754337966442108 ,0.69303297996521 ,0.5768280029296875 ,0.7085721492767334 ,0.5714781880378723 ,0.7161535620689392 ,0.5538961291313171 ,0.7203974723815918 ,0.5356457829475403
2,/data/MGDataset/real_data_224/rgb/real_rgb_Left_double_tap_on_middle_phalanx_of_index_finger_using_thumb_p=08_g=2_v=6_f=000026.png,0.7679519057273865 ,0.5348637700080872 ,0.7797507643699646 ,0.49000877141952515 ,0.7696831226348877 ,0.4456850588321686 ,0.7530431747436523 ,0.41091880202293396 ,0.7411391735076904 ,0.3784995675086975 ,0.7159988880157471 ,0.47934767603874207 ,0.6802666187286377 ,0.46195530891418457 ,0.652092456817627 ,0.45106762647628784 ,0.6269511580467224 ,0.4421371817588806 ,0.70363450050354 ,0.5192216038703918 ,0.6612001657485962 ,0.5123013257980347 ,0.6279351115226746 ,0.5030797123908997 ,0.6028026342391968 ,0.4962160587310791 ,0.7045406103134155 ,0.5553555488586426 ,0.6606144309043884 ,0.5529569387435913 ,0.6301239728927612 ,0.5485629439353943 ,0.6043237447738647 ,0.5451489686965942 ,0.7134425044059753 ,0.5847568511962891 ,0.6810540556907654 ,0.5979500412940979 ,0.6550381183624268 ,0.6028757095336914 ,0.6325578689575195 ,0.6066594123840332
24,/data/MGDataset/real_data_224/rgb/real_rgb_Right_slide_thumb_backward_on_index_finger_p=09_g=24_v=30_f=000060.png,0.6663407683372498 ,0.5298284292221069 ,0.6782358288764954 ,0.4866749942302704 ,0.7018717527389526 ,0.44137945771217346 ,0.7222747206687927 ,0.410390704870224 ,0.7368983030319214 ,0.3961062729358673 ,0.6927298307418823 ,0.46872082352638245 ,0.7062498927116394 ,0.4453291594982147 ,0.7168145775794983 ,0.421021044254303 ,0.7289586663246155 ,0.39532214403152466 ,0.6912752389907837 ,0.5047397613525391 ,0.7024312019348145 ,0.4799613058567047 ,0.7152933478355408 ,0.4598034918308258 ,0.7292836308479309 ,0.4383184313774109 ,0.6880812644958496 ,0.5377291440963745 ,0.7020661234855652 ,0.5153509378433228 ,0.7145217061042786 ,0.4959462583065033 ,0.7276377081871033 ,0.4759085774421692 ,0.6853094100952148 ,0.5697146058082581 ,0.7012834548950195 ,0.5644423961639404 ,0.7151131629943848 ,0.5532321929931641 ,0.7281229496002197 ,0.5405149459838867
39,/data/MGDataset/real_data_224/rgb/real_rgb_Left_four_p=08_g=39_v=11_f=000027.png,0.8607553839683533 ,0.5476017594337463 ,0.8656377196311951 ,0.4767029583454132 ,0.841309130191803 ,0.40505340695381165 ,0.8206919431686401 ,0.34782952070236206 ,0.8097915053367615 ,0.29755207896232605 ,0.7767183184623718 ,0.42944127321243286 ,0.7294887900352478 ,0.3948482871055603 ,0.7007725238800049 ,0.37885215878486633 ,0.6739742755889893 ,0.3640565872192383 ,0.7587132453918457 ,0.4732692539691925 ,0.7106543779373169 ,0.4536183178424835 ,0.6811129450798035 ,0.4393670856952667 ,0.6523510813713074 ,0.425741046667099 ,0.7556867003440857 ,0.5202534794807434 ,0.7117301821708679 ,0.5102282762527466 ,0.684704601764679 ,0.5015226602554321 ,0.6585680842399597 ,0.48988038301467896 ,0.7643446922302246 ,0.5665210485458374 ,0.7274750471115112 ,0.5707321763038635 ,0.703823983669281 ,0.5729008913040161 ,0.6800438761711121 ,0.5716819763183594
39,/data/MGDataset/real_data_224/rgb/real_rgb_Left_four_p=09_g=39_v=13_f=000005.png,0.7691949009895325 ,0.6305407285690308 ,0.7749356031417847 ,0.5671957731246948 ,0.7685456275939941 ,0.504414975643158 ,0.7585622668266296 ,0.45349442958831787 ,0.7508203387260437 ,0.4098280668258667 ,0.7227192521095276 ,0.46706947684288025 ,0.7025067806243896 ,0.4004073441028595 ,0.6897835731506348 ,0.36427900195121765 ,0.6777650713920593 ,0.3311464786529541 ,0.7005967497825623 ,0.4828718304634094 ,0.6763189435005188 ,0.41785451769828796 ,0.6629287004470825 ,0.38095664978027344 ,0.6511904001235962 ,0.3469095528125763 ,0.6853080987930298 ,0.5093948841094971 ,0.6594942808151245 ,0.4525940716266632 ,0.6477420330047607 ,0.4179731607437134 ,0.6391218304634094 ,0.38612091541290283 ,0.6753104329109192 ,0.5458802580833435 ,0.6548635363578796 ,0.5074349641799927 ,0.6452577710151672 ,0.48061227798461914 ,0.6360489726066589 ,0.4556138217449188
21,/data/MGDataset/real_data_224/rgb/real_rgb_Left_double_tap_on_middle_phalanx_of_last_finger_using_thumb_p=04_g=21_v=43_f=000050.png,0.8175197243690491 ,0.6348724365234375 ,0.8161056637763977 ,0.5610809326171875 ,0.7980538606643677 ,0.48738813400268555 ,0.7861863970756531 ,0.43388378620147705 ,0.7824708223342896 ,0.3920021653175354 ,0.7366536855697632 ,0.5057646632194519 ,0.685249388217926 ,0.4923091530799866 ,0.6841837763786316 ,0.49367770552635193 ,0.6882339119911194 ,0.4931366741657257 ,0.7285062074661255 ,0.5426090359687805 ,0.6728668212890625 ,0.5343248844146729 ,0.6741176843643188 ,0.5323269963264465 ,0.6797333359718323 ,0.5306015014648438 ,0.729520320892334 ,0.5798988342285156 ,0.683351993560791 ,0.5775946378707886 ,0.6863375306129456 ,0.5732300281524658 ,0.6898754239082336 ,0.5659089088439941 ,0.7373484969139099 ,0.6169950366020203 ,0.7045980095863342 ,0.6188660264015198 ,0.7066531777381897 ,0.6170958280563354 ,0.7080885171890259 ,0.6135991811752319
15,/data/MGDataset/real_data_224/rgb/real_rgb_Left_index_finger_single_tap_p=04_g=15_v=30_f=000016.png,0.791366457939148 ,0.6672512888908386 ,0.7996420860290527 ,0.6127298474311829 ,0.7922313809394836 ,0.549281895160675 ,0.7886595726013184 ,0.49611347913742065 ,0.7849667072296143 ,0.45249462127685547 ,0.7367366552352905 ,0.5850640535354614 ,0.6988469958305359 ,0.5697789788246155 ,0.6736853718757629 ,0.5612488389015198 ,0.6474058628082275 ,0.5517252683639526 ,0.7263303399085999 ,0.6254188418388367 ,0.684191882610321 ,0.620084285736084 ,0.6591100096702576 ,0.6181278824806213 ,0.6339085698127747 ,0.613938570022583 ,0.7254615426063538 ,0.6613101959228516 ,0.69157874584198 ,0.6590054035186768 ,0.6682080030441284 ,0.660254955291748 ,0.6455584764480591 ,0.6565573215484619 ,0.7341446280479431 ,0.6922610998153687 ,0.7064138650894165 ,0.6955269575119019 ,0.6937251091003418 ,0.7019835114479065 ,0.6796556115150452 ,0.703016996383667
27,/data/MGDataset/real_data_224/rgb/real_rgb_Left_three_p=04_g=27_v=36_f=000057.png,0.8223114013671875 ,0.69591224193573 ,0.8140565752983093 ,0.6570555567741394 ,0.798025906085968 ,0.6284777522087097 ,0.7797247767448425 ,0.6553164124488831 ,0.7697174549102783 ,0.682458221912384 ,0.7339187860488892 ,0.5935121774673462 ,0.6946664452552795 ,0.565132200717926 ,0.6741724610328674 ,0.549963116645813 ,0.6516644954681396 ,0.5340974926948547 ,0.7188889384269714 ,0.6291709542274475 ,0.6774325370788574 ,0.6149117350578308 ,0.6514575481414795 ,0.611183762550354 ,0.6245607137680054 ,0.6040006875991821 ,0.7215043902397156 ,0.6666048169136047 ,0.694121241569519 ,0.6750898361206055 ,0.6722379326820374 ,0.6783081293106079 ,0.6474829316139221 ,0.6763867139816284 ,0.736434817314148 ,0.702412486076355 ,0.7441934943199158 ,0.7181423902511597 ,0.7672055959701538 ,0.7222733497619629 ,0.784582257270813 ,0.7229176759719849
30,/data/MGDataset/real_data_224/rgb/real_rgb_Right_rotate_index_finger_anti-clock_wise_p=09_g=30_v=29_f=000068.png,0.641701340675354 ,0.6883993744850159 ,0.6419141888618469 ,0.6496431827545166 ,0.656877338886261 ,0.6033326387405396 ,0.6927617788314819 ,0.569401741027832 ,0.7219017744064331 ,0.5441411137580872 ,0.661790132522583 ,0.5280119180679321 ,0.6947747468948364 ,0.47185054421424866 ,0.7192052006721497 ,0.4324892461299896 ,0.7387973070144653 ,0.40011778473854065 ,0.6864733099937439 ,0.5535907745361328 ,0.725037693977356 ,0.5324282050132751 ,0.7122089266777039 ,0.5687214136123657 ,0.6922734379768372 ,0.6014122366905212 ,0.704736590385437 ,0.585699200630188 ,0.7279228568077087 ,0.5804439187049866 ,0.709041953086853 ,0.6102501749992371 ,0.6883255839347839 ,0.6300997138023376 ,0.7102251648902893 ,0.6205965876579285 ,0.7288881540298462 ,0.6194690465927124 ,0.7095064520835876 ,0.6405589580535889 ,0.6886875629425049 ,0.6532511115074158
2,/data/MGDataset/real_data_224/rgb/real_rgb_Left_double_tap_on_middle_phalanx_of_index_finger_using_thumb_p=03_g=2_v=16_f=000058.png,0.7097287774085999 ,0.6557181477546692 ,0.6748772859573364 ,0.6405226588249207 ,0.6392727494239807 ,0.6086969971656799 ,0.6189570426940918 ,0.5834781527519226 ,0.6049745678901672 ,0.5630307793617249 ,0.641576886177063 ,0.5320994853973389 ,0.6133303642272949 ,0.4944739043712616 ,0.5965703129768372 ,0.47451090812683105 ,0.5845152139663696 ,0.45501255989074707 ,0.6658187508583069 ,0.5129748582839966 ,0.6331672668457031 ,0.4603882431983948 ,0.6182147860527039 ,0.4287830591201782 ,0.6033916473388672 ,0.40379148721694946 ,0.6952258348464966 ,0.5074673891067505 ,0.6740446090698242 ,0.45157405734062195 ,0.6595937013626099 ,0.4192149043083191 ,0.6441733241081238 ,0.3922080397605896 ,0.7306994795799255 ,0.5131803750991821 ,0.7416711449623108 ,0.46291813254356384 ,0.7469268441200256 ,0.4296666383743286 ,0.7463173866271973 ,0.39755329489707947
45,/data/MGDataset/real_data_224/rgb/real_rgb_Right_zoom_in_using_palm_p=09_g=45_v=11_f=000058.png,0.6227549910545349 ,0.638288140296936 ,0.6222985982894897 ,0.5886605381965637 ,0.6284562945365906 ,0.5386824011802673 ,0.6378365755081177 ,0.501450777053833 ,0.6418424844741821 ,0.47000235319137573 ,0.6423549056053162 ,0.4697563052177429 ,0.6463595032691956 ,0.41296032071113586 ,0.649117648601532 ,0.3745594918727875 ,0.65372633934021 ,0.3415243625640869 ,0.6510018110275269 ,0.47585824131965637 ,0.6581946015357971 ,0.41411924362182617 ,0.6643950343132019 ,0.3711267113685608 ,0.6715367436408997 ,0.33427006006240845 ,0.6584568619728088 ,0.4954020082950592 ,0.6701650023460388 ,0.44512736797332764 ,0.6809058785438538 ,0.4068319499492645 ,0.6897794008255005 ,0.37323200702667236 ,0.6673157811164856 ,0.5274602174758911 ,0.6799372434616089 ,0.5009738206863403 ,0.6875244379043579 ,0.47792893648147583 ,0.6921198964118958 ,0.4565213918685913
12,/data/MGDataset/real_data_224/rgb/real_rgb_Right_index_finger_swipe_down_p=04_g=12_v=11_f=000032.png,0.6420325636863708 ,0.6418665051460266 ,0.654477059841156 ,0.5619348883628845 ,0.6717231273651123 ,0.49471554160118103 ,0.6952362656593323 ,0.44914382696151733 ,0.7231811881065369 ,0.418830007314682 ,0.7001854777336121 ,0.5238403677940369 ,0.7229902148246765 ,0.5100842714309692 ,0.7468886375427246 ,0.5019989609718323 ,0.765906810760498 ,0.49396684765815735 ,0.7125935554504395 ,0.5639359951019287 ,0.7408255338668823 ,0.5540183782577515 ,0.7677831649780273 ,0.5428692698478699 ,0.7927220463752747 ,0.5321922302246094 ,0.7141651511192322 ,0.5946911573410034 ,0.7377678751945496 ,0.5910986065864563 ,0.7621232867240906 ,0.5768350958824158 ,0.7870154976844788 ,0.5635539293289185 ,0.7106877565383911 ,0.624125599861145 ,0.7310245037078857 ,0.6292121410369873 ,0.7487513422966003 ,0.6192392706871033 ,0.7669923305511475 ,0.6108266115188599
29,/data/MGDataset/real_data_224/rgb/real_rgb_Left_index_finger_double_tap_p=06_g=29_v=35_f=000028.png,0.7781420350074768 ,0.4253734052181244 ,0.7670689821243286 ,0.3778929114341736 ,0.7413680553436279 ,0.33226364850997925 ,0.7215061783790588 ,0.29632502794265747 ,0.7077640891075134 ,0.26185041666030884 ,0.6879144906997681 ,0.36270442605018616 ,0.6542409658432007 ,0.35071316361427307 ,0.63671875 ,0.34125494956970215 ,0.6250554323196411 ,0.3312552571296692 ,0.6841110587120056 ,0.39682087302207947 ,0.6583956480026245 ,0.39106881618499756 ,0.679726243019104 ,0.38868239521980286 ,0.7022756338119507 ,0.3870331645011902 ,0.6880500912666321 ,0.43195727467536926 ,0.6642357707023621 ,0.4273914098739624 ,0.6842421889305115 ,0.4206957519054413 ,0.7059428095817566 ,0.4156245291233063 ,0.6969243884086609 ,0.46815404295921326 ,0.6708070635795593 ,0.46878352761268616 ,0.682101845741272 ,0.45773038268089294 ,0.6973932385444641 ,0.4474872946739197
25,/data/MGDataset/real_data_224/rgb/real_rgb_Left_tap_on_distal_phalanx_of_ring_finger_using_thumb_p=06_g=25_v=44_f=000069.png,0.7563713788986206 ,0.4306047260761261 ,0.7394295930862427 ,0.38010719418525696 ,0.704651951789856 ,0.3305671215057373 ,0.68197101354599 ,0.2869129180908203 ,0.667403519153595 ,0.24721476435661316 ,0.6719533801078796 ,0.3886773884296417 ,0.627650260925293 ,0.37562575936317444 ,0.6001816391944885 ,0.36463627219200134 ,0.5762506723403931 ,0.3573712408542633 ,0.6705889701843262 ,0.42967233061790466 ,0.628279447555542 ,0.43371766805648804 ,0.6001569032669067 ,0.43602481484413147 ,0.5750618577003479 ,0.4415399432182312 ,0.6795632839202881 ,0.46479085087776184 ,0.6409101486206055 ,0.4770365357398987 ,0.6160638332366943 ,0.48472651839256287 ,0.5944069623947144 ,0.4920520484447479 ,0.6968811750411987 ,0.4940478801727295 ,0.6684507727622986 ,0.5132160186767578 ,0.6504383087158203 ,0.5280672907829285 ,0.6334913969039917 ,0.5401058793067932
14,/data/MGDataset/real_data_224/rgb/real_rgb_Left_tap_on_distal_phalanx_of_middle_finger_using_thumb_p=08_g=14_v=23_f=000042.png,0.7620397806167603 ,0.5295537114143372 ,0.7445204257965088 ,0.46944737434387207 ,0.7266448736190796 ,0.42156511545181274 ,0.7102604508399963 ,0.38656753301620483 ,0.6912634372711182 ,0.3649080693721771 ,0.6570786237716675 ,0.44947174191474915 ,0.6153457760810852 ,0.44232791662216187 ,0.5937049388885498 ,0.4400305151939392 ,0.5726666450500488 ,0.44080260396003723 ,0.6469452381134033 ,0.4895537495613098 ,0.603401243686676 ,0.49126070737838745 ,0.5810586810112 ,0.4941556453704834 ,0.5618686079978943 ,0.4980831444263458 ,0.6484614610671997 ,0.5270189046859741 ,0.6088037490844727 ,0.532515287399292 ,0.5910071134567261 ,0.5354629755020142 ,0.5736698508262634 ,0.5364124774932861 ,0.6598756313323975 ,0.5633425712585449 ,0.6269749999046326 ,0.5722238421440125 ,0.614386796951294 ,0.5787144303321838 ,0.600977897644043 ,0.5806089639663696
1,/data/MGDataset/real_data_224/rgb/real_rgb_Right_one_p=11_g=1_v=25_f=000014.png,0.637598991394043 ,0.5281592011451721 ,0.6395996809005737 ,0.5536314845085144 ,0.6651579141616821 ,0.5622700452804565 ,0.6782742738723755 ,0.5616732239723206 ,0.6880162358283997 ,0.5504021644592285 ,0.6963798999786377 ,0.5568413138389587 ,0.7347176671028137 ,0.5547090172767639 ,0.7584101557731628 ,0.5417277216911316 ,0.7726881504058838 ,0.5267837643623352 ,0.7063415050506592 ,0.5330430269241333 ,0.7416422367095947 ,0.5139696002006531 ,0.7642723917961121 ,0.5006489753723145 ,0.7808910608291626 ,0.48679882287979126 ,0.7031563520431519 ,0.5062052607536316 ,0.7367140650749207 ,0.4799894392490387 ,0.7559961080551147 ,0.4652048349380493 ,0.7723844051361084 ,0.4541032314300537 ,0.6917001008987427 ,0.4818284511566162 ,0.7176048159599304 ,0.4549507796764374 ,0.7290647029876709 ,0.4346957206726074 ,0.7391871809959412 ,0.41715914011001587
10,/data/MGDataset/real_data_224/rgb/real_rgb_Right_double_tap_on_distal_phalanx_of_ring_finger_using_thumb_p=07_g=10_v=25_f=000022.png,0.6405036449432373 ,0.47056058049201965 ,0.6623005270957947 ,0.3995710015296936 ,0.6978641152381897 ,0.3496963381767273 ,0.7315525412559509 ,0.3271713852882385 ,0.7548422813415527 ,0.31526294350624084 ,0.7339136004447937 ,0.399651437997818 ,0.781862735748291 ,0.39773112535476685 ,0.8020233511924744 ,0.4025471806526184 ,0.8157076835632324 ,0.4053155481815338 ,0.7395437359809875 ,0.44237664341926575 ,0.7871573567390442 ,0.4389437437057495 ,0.8111695051193237 ,0.44229328632354736 ,0.8289219737052917 ,0.4449574947357178 ,0.7382646799087524 ,0.4809042811393738 ,0.7823194861412048 ,0.47809234261512756 ,0.8038809299468994 ,0.48002803325653076 ,0.8206080794334412 ,0.48177459836006165 ,0.7298057079315186 ,0.5208804607391357 ,0.7677620053291321 ,0.5218727588653564 ,0.7791954874992371 ,0.5194203853607178 ,0.7852723598480225 ,0.516822099685669
12,/data/MGDataset/real_data_224/rgb/real_rgb_Left_index_finger_swipe_down_p=09_g=12_v=34_f=000017.png,0.7605815529823303 ,0.6706679463386536 ,0.764785647392273 ,0.6115831732749939 ,0.7456337213516235 ,0.5496124625205994 ,0.7300308346748352 ,0.4982738494873047 ,0.7170895338058472 ,0.4540567100048065 ,0.7037238478660583 ,0.5453689098358154 ,0.6732416749000549 ,0.49525439739227295 ,0.6523069143295288 ,0.46579569578170776 ,0.6331924200057983 ,0.43958067893981934 ,0.6888222098350525 ,0.5713706612586975 ,0.6539403796195984 ,0.5314082503318787 ,0.6291386485099792 ,0.50761479139328 ,0.6072858572006226 ,0.48598024249076843 ,0.6832477450370789 ,0.6069739460945129 ,0.6484395265579224 ,0.5743869543075562 ,0.625034749507904 ,0.5531073212623596 ,0.6053608655929565 ,0.5296533703804016 ,0.6838610172271729 ,0.6485357880592346 ,0.6551787853240967 ,0.6285909414291382 ,0.6370826363563538 ,0.6132502555847168 ,0.6200997829437256 ,0.5959640741348267
19,/data/MGDataset/real_data_224/rgb/real_rgb_Right_tap_on_proximal_phalanx_of_index_finger_using_thumb_p=05_g=19_v=6_f=000054.png,0.6528820395469666 ,0.5868746042251587 ,0.6424274444580078 ,0.5658289790153503 ,0.6440821886062622 ,0.5538930892944336 ,0.6318591237068176 ,0.5483893156051636 ,0.6144965291023254 ,0.5447593331336975 ,0.6713290214538574 ,0.5481327176094055 ,0.667470395565033 ,0.5247684121131897 ,0.662056565284729 ,0.5163378715515137 ,0.6696505546569824 ,0.5153616070747375 ,0.6659741401672363 ,0.5640680193901062 ,0.6796273589134216 ,0.5499990582466125 ,0.6766824126243591 ,0.5475304126739502 ,0.6813849806785583 ,0.5453273057937622 ,0.6590843796730042 ,0.5835044980049133 ,0.6701825857162476 ,0.578592836856842 ,0.6703915596008301 ,0.5814802646636963 ,0.6788658499717712 ,0.5811106562614441 ,0.6479690074920654 ,0.6035574674606323 ,0.6520302891731262 ,0.6221611499786377 ,0.6595534086227417 ,0.6353879570960999 ,0.6735092401504517 ,0.6441894769668579
33,/data/MGDataset/real_data_224/rgb/real_rgb_Right_double_tap_on_proximal_phalanx_of_index_finger_using_thumb_p=07_g=33_v=30_f=000034.png,0.6058029532432556 ,0.4451582729816437 ,0.6317891478538513 ,0.3713727295398712 ,0.6633373498916626 ,0.3241457939147949 ,0.7040467858314514 ,0.303357869386673 ,0.7399963736534119 ,0.30443447828292847 ,0.7031786441802979 ,0.37087079882621765 ,0.7498946189880371 ,0.3567003309726715 ,0.7765345573425293 ,0.353589802980423 ,0.8002086281776428 ,0.3525252640247345 ,0.7099139094352722 ,0.41604000329971313 ,0.758143961429596 ,0.40976688265800476 ,0.7873677015304565 ,0.4094638526439667 ,0.8117725253105164 ,0.4099246859550476 ,0.7064189314842224 ,0.45788854360580444 ,0.7537361979484558 ,0.4597969949245453 ,0.784272313117981 ,0.45948508381843567 ,0.8094080090522766 ,0.4604739546775818 ,0.6945575475692749 ,0.5012226700782776 ,0.7327149510383606 ,0.5155085325241089 ,0.7573102116584778 ,0.5213512182235718 ,0.7797905206680298 ,0.5252410769462585
42,/data/MGDataset/real_data_224/rgb/real_rgb_Right_rotate_index_finger_clock_wise_p=07_g=42_v=31_f=000072.png,0.6162164211273193 ,0.5207146406173706 ,0.6788948774337769 ,0.45122936367988586 ,0.7370998859405518 ,0.4178287982940674 ,0.7932971119880676 ,0.42671269178390503 ,0.8262642621994019 ,0.46099570393562317 ,0.7364140152931213 ,0.4383648633956909 ,0.78605717420578 ,0.4353694021701813 ,0.7937182784080505 ,0.4471939206123352 ,0.7930376529693604 ,0.4580211937427521 ,0.7331686615943909 ,0.4772041440010071 ,0.7808349132537842 ,0.484715074300766 ,0.795660138130188 ,0.49546024203300476 ,0.7969465255737305 ,0.5036778450012207 ,0.7277378439903259 ,0.5153545141220093 ,0.7714561820030212 ,0.5264003276824951 ,0.7885454893112183 ,0.5321981310844421 ,0.78575599193573 ,0.5357511043548584 ,0.7173518538475037 ,0.5575660467147827 ,0.7564151287078857 ,0.5686781406402588 ,0.7725375890731812 ,0.5711493492126465 ,0.7751111388206482 ,0.5700759291648865
18,/data/MGDataset/real_data_224/rgb/real_rgb_Left_two_p=04_g=18_v=21_f=000051.png,0.7618090510368347 ,0.5953629016876221 ,0.7468246221542358 ,0.5512199997901917 ,0.7116925716400146 ,0.5177142024040222 ,0.674967885017395 ,0.49570703506469727 ,0.6504740715026855 ,0.4816030263900757 ,0.7151755690574646 ,0.562038242816925 ,0.6991584897041321 ,0.5649697780609131 ,0.6837707161903381 ,0.5581699013710022 ,0.6723036170005798 ,0.5575459003448486 ,0.7182182669639587 ,0.5970295667648315 ,0.7111982107162476 ,0.6056890487670898 ,0.7087173461914062 ,0.6049728989601135 ,0.7109213471412659 ,0.6072472333908081 ,0.7283573150634766 ,0.622384250164032 ,0.7127180099487305 ,0.6269432902336121 ,0.7011381983757019 ,0.6247425079345703 ,0.6968601942062378 ,0.6222716569900513 ,0.7419108152389526 ,0.6420409083366394 ,0.727313756942749 ,0.6557394862174988 ,0.7144339084625244 ,0.6584126949310303 ,0.7058992385864258 ,0.6594879627227783
3,/data/MGDataset/real_data_224/rgb/real_rgb_Left_select_with_index_finger_p=07_g=3_v=22_f=000048.png,0.8345409631729126 ,0.5402205586433411 ,0.8358855247497559 ,0.5124574303627014 ,0.8237072229385376 ,0.48743003606796265 ,0.8193719387054443 ,0.47309139370918274 ,0.8104929327964783 ,0.455970823764801 ,0.7446092367172241 ,0.47664675116539 ,0.7259345054626465 ,0.4503318667411804 ,0.7426585555076599 ,0.44769784808158875 ,0.7611023187637329 ,0.45081818103790283 ,0.7326348423957825 ,0.5084536671638489 ,0.6834495663642883 ,0.49195265769958496 ,0.6700999736785889 ,0.4941290318965912 ,0.66632080078125 ,0.4977976977825165 ,0.7354826331138611 ,0.5431651473045349 ,0.6875755786895752 ,0.540032148361206 ,0.6706743836402893 ,0.5405299663543701 ,0.6596298217773438 ,0.5403890013694763 ,0.7515847086906433 ,0.5781108140945435 ,0.7155337929725647 ,0.580126941204071 ,0.6999081373214722 ,0.5778248310089111 ,0.6875820755958557 ,0.5732760429382324
5,/data/MGDataset/real_data_224/rgb/real_rgb_Left_double_tap_on_proximal_phalanx_of_middle_finger_using_thumb_p=08_g=5_v=23_f=000035.png,0.8037821054458618 ,0.5201277136802673 ,0.7897266745567322 ,0.46956127882003784 ,0.7674137949943542 ,0.42535895109176636 ,0.7522233128547668 ,0.3970911502838135 ,0.7446632981300354 ,0.36822962760925293 ,0.702916145324707 ,0.4245711863040924 ,0.6662508845329285 ,0.3990045189857483 ,0.6388612389564514 ,0.3853403925895691 ,0.6152282953262329 ,0.37701255083084106 ,0.6867035031318665 ,0.46187224984169006 ,0.6463370323181152 ,0.44815322756767273 ,0.6213714480400085 ,0.4410887360572815 ,0.5995023250579834 ,0.4352189898490906 ,0.6844595074653625 ,0.5007703900337219 ,0.643642008304596 ,0.4934108257293701 ,0.6143909692764282 ,0.4891665279865265 ,0.5865037441253662 ,0.4841652810573578 ,0.6961933374404907 ,0.5426628589630127 ,0.6628530025482178 ,0.5454612970352173 ,0.6403988599777222 ,0.5482390522956848 ,0.6166996359825134 ,0.5486388802528381
21,/data/MGDataset/real_data_224/rgb/real_rgb_Left_double_tap_on_middle_phalanx_of_last_finger_using_thumb_p=07_g=21_v=24_f=000010.png,0.8153339624404907 ,0.4613017439842224 ,0.8089948892593384 ,0.41200894117355347 ,0.780610203742981 ,0.37585991621017456 ,0.7516497373580933 ,0.356602281332016 ,0.7263659238815308 ,0.3331241309642792 ,0.728222131729126 ,0.3675798773765564 ,0.6896206736564636 ,0.35244184732437134 ,0.6674216389656067 ,0.35062235593795776 ,0.6484906673431396 ,0.35188552737236023 ,0.7226309180259705 ,0.40412619709968567 ,0.6811734437942505 ,0.3948436379432678 ,0.6572542190551758 ,0.3933407664299011 ,0.6346184015274048 ,0.39277926087379456 ,0.7271414995193481 ,0.4429681599140167 ,0.6876230239868164 ,0.43814635276794434 ,0.6658368706703186 ,0.4361809194087982 ,0.6505799889564514 ,0.4363749325275421 ,0.7388521432876587 ,0.4839862287044525 ,0.7020484209060669 ,0.4789676070213318 ,0.6891055107116699 ,0.4763580858707428 ,0.6821478605270386 ,0.47650572657585144
2,/data/MGDataset/real_data_224/rgb/real_rgb_Right_double_tap_on_middle_phalanx_of_index_finger_using_thumb_p=08_g=2_v=4_f=000003.png,0.5485743284225464 ,0.44625815749168396 ,0.5561095476150513 ,0.39809665083885193 ,0.5777260661125183 ,0.356785386800766 ,0.5978898406028748 ,0.3281900882720947 ,0.6168096661567688 ,0.30714890360832214 ,0.6060609817504883 ,0.395117849111557 ,0.6293627619743347 ,0.3822288513183594 ,0.6458085775375366 ,0.3782896399497986 ,0.6613093614578247 ,0.3764835596084595 ,0.6161264181137085 ,0.4317772686481476 ,0.64854496717453 ,0.4261181056499481 ,0.6697253584861755 ,0.4236784875392914 ,0.6868647336959839 ,0.4223092794418335 ,0.6175439953804016 ,0.46738553047180176 ,0.64996737241745 ,0.46927058696746826 ,0.6690195798873901 ,0.46797919273376465 ,0.6854654550552368 ,0.46582669019699097 ,0.6111959218978882 ,0.501092255115509 ,0.635442316532135 ,0.5206079483032227 ,0.6517814993858337 ,0.5324795246124268 ,0.6664592623710632 ,0.5416580438613892
44,/data/MGDataset/real_data_224/rgb/real_rgb_Right_double_tap_on_middle_phalanx_of_middle_finger_using_thumb_p=08_g=44_v=20_f=000010.png,0.540189266204834 ,0.4699091613292694 ,0.5515103340148926 ,0.41511270403862 ,0.5801025629043579 ,0.36556634306907654 ,0.6063686013221741 ,0.33252468705177307 ,0.6276209950447083 ,0.3060750961303711 ,0.6081140637397766 ,0.4086865782737732 ,0.6327793598175049 ,0.39450037479400635 ,0.6484498977661133 ,0.3915348947048187 ,0.6625730395317078 ,0.3900926113128662 ,0.6162051558494568 ,0.4476155638694763 ,0.6506818532943726 ,0.4421748220920563 ,0.6685945391654968 ,0.44226738810539246 ,0.68239825963974 ,0.4427395164966583 ,0.6159230470657349 ,0.48549026250839233 ,0.6496767401695251 ,0.4847835898399353 ,0.6658475399017334 ,0.4845964014530182 ,0.6794639229774475 ,0.4828255772590637 ,0.6085534691810608 ,0.5210388898849487 ,0.6321096420288086 ,0.5349620580673218 ,0.6459968686103821 ,0.5420205593109131 ,0.6573496460914612 ,0.5459848642349243
44,/data/MGDataset/real_data_224/rgb/real_rgb_Right_double_tap_on_middle_phalanx_of_middle_finger_using_thumb_p=04_g=44_v=0_f=000059.png,0.634041428565979 ,0.569534182548523 ,0.646218478679657 ,0.5043458342552185 ,0.672540009021759 ,0.4705117642879486 ,0.7144454121589661 ,0.47148430347442627 ,0.7445486783981323 ,0.48352742195129395 ,0.6717022657394409 ,0.4581965506076813 ,0.714678168296814 ,0.44778722524642944 ,0.7171995639801025 ,0.45185375213623047 ,0.7143566608428955 ,0.45578721165657043 ,0.6825988292694092 ,0.4932709336280823 ,0.7258872389793396 ,0.47564467787742615 ,0.7333096861839294 ,0.47514021396636963 ,0.7403146624565125 ,0.4773348867893219 ,0.6885203123092651 ,0.5265039801597595 ,0.7196439504623413 ,0.5141709446907043 ,0.7337082028388977 ,0.5047835111618042 ,0.7496253848075867 ,0.4986891448497772 ,0.6929519176483154 ,0.5598543286323547 ,0.7127472758293152 ,0.5513808131217957 ,0.7214634418487549 ,0.5436482429504395 ,0.7326365113258362 ,0.5359156727790833
30,/data/MGDataset/real_data_224/rgb/real_rgb_Right_rotate_index_finger_anti-clock_wise_p=07_g=30_v=23_f=000062.png,0.6208992004394531 ,0.5008224844932556 ,0.6585084795951843 ,0.4352647364139557 ,0.7107109427452087 ,0.38727423548698425 ,0.7536894083023071 ,0.35617154836654663 ,0.7750280499458313 ,0.3226298689842224 ,0.7299032211303711 ,0.42677637934684753 ,0.7814939618110657 ,0.4128260612487793 ,0.8146422505378723 ,0.4065616726875305 ,0.846581220626831 ,0.4036112427711487 ,0.733863115310669 ,0.4761246144771576 ,0.7866193056106567 ,0.47634100914001465 ,0.8216189742088318 ,0.4808364510536194 ,0.8557620048522949 ,0.4853423535823822 ,0.7278599739074707 ,0.5203521251678467 ,0.7747253775596619 ,0.5252432823181152 ,0.8043375015258789 ,0.5293148159980774 ,0.8309873342514038 ,0.5319331884384155 ,0.7153664231300354 ,0.5609402060508728 ,0.7555825114250183 ,0.5679435133934021 ,0.7823750376701355 ,0.5699673295021057 ,0.809001624584198 ,0.5705827474594116
24,/data/MGDataset/real_data_224/rgb/real_rgb_Right_slide_thumb_backward_on_index_finger_p=11_g=24_v=34_f=000030.png,0.625167965888977 ,0.5591579675674438 ,0.6327759027481079 ,0.4949651062488556 ,0.6511124968528748 ,0.4455772042274475 ,0.6658929586410522 ,0.403583824634552 ,0.6780799627304077 ,0.3732977509498596 ,0.681863009929657 ,0.47216737270355225 ,0.7120118141174316 ,0.448993444442749 ,0.7252882719039917 ,0.44266602396965027 ,0.7414103150367737 ,0.4354322850704193 ,0.6935628056526184 ,0.5044769048690796 ,0.731985330581665 ,0.4869459569454193 ,0.7548457384109497 ,0.4791547656059265 ,0.773331880569458 ,0.4740581810474396 ,0.6973528861999512 ,0.5361787676811218 ,0.7345864772796631 ,0.5248205661773682 ,0.7567948698997498 ,0.5180129408836365 ,0.7759003639221191 ,0.5123815536499023 ,0.693215012550354 ,0.5661996603012085 ,0.722285270690918 ,0.5603663325309753 ,0.7399987578392029 ,0.5541943311691284 ,0.7551047801971436 ,0.548034131526947
34,/data/MGDataset/real_data_224/rgb/real_rgb_Left_tap_on_middle_phalanx_of_middle_finger_using_thumb_p=07_g=34_v=18_f=000039.png,0.7093457579612732 ,0.46178531646728516 ,0.7223933935165405 ,0.5017086267471313 ,0.7268211841583252 ,0.5333042740821838 ,0.7206727862358093 ,0.5508902072906494 ,0.7180656790733337 ,0.5509281754493713 ,0.7276191711425781 ,0.5070873498916626 ,0.7199211120605469 ,0.5061507821083069 ,0.70660001039505 ,0.507495105266571 ,0.6914932131767273 ,0.5071916580200195 ,0.7149720191955566 ,0.4668136537075043 ,0.7022746801376343 ,0.4572947025299072 ,0.6903325319290161 ,0.45131492614746094 ,0.6788497567176819 ,0.4454992413520813 ,0.7050188183784485 ,0.43108606338500977 ,0.6910121440887451 ,0.41370075941085815 ,0.6804829835891724 ,0.3981512784957886 ,0.6699972152709961 ,0.3870035707950592 ,0.6946321725845337 ,0.4021122455596924 ,0.6800355911254883 ,0.37884587049484253 ,0.6663050651550293 ,0.36069750785827637 ,0.6552656292915344 ,0.34725433588027954
21,/data/MGDataset/real_data_224/rgb/real_rgb_Left_double_tap_on_middle_phalanx_of_last_finger_using_thumb_p=11_g=21_v=31_f=000059.png,0.7423459887504578 ,0.483690470457077 ,0.7485561966896057 ,0.43789154291152954 ,0.7233748435974121 ,0.3927994668483734 ,0.6967772245407104 ,0.3799208104610443 ,0.66713547706604 ,0.38764357566833496 ,0.6861450672149658 ,0.4072277843952179 ,0.6528308391571045 ,0.38141143321990967 ,0.6312699913978577 ,0.3697341978549957 ,0.6154096126556396 ,0.36605995893478394 ,0.6723669767379761 ,0.4411371946334839 ,0.6216612458229065 ,0.41158273816108704 ,0.5946304798126221 ,0.39262381196022034 ,0.573992133140564 ,0.3835664391517639 ,0.6703485250473022 ,0.47676998376846313 ,0.6227514147758484 ,0.45115527510643005 ,0.5999057292938232 ,0.4361967146396637 ,0.5809096693992615 ,0.42358237504959106 ,0.6767112612724304 ,0.5086715221405029 ,0.6420073509216309 ,0.4952382743358612 ,0.6252818703651428 ,0.48295554518699646 ,0.6094865798950195 ,0.47007066011428833
16,/data/MGDataset/real_data_224/rgb/real_rgb_Left_hand_close_p=11_g=16_v=26_f=000066.png,0.7431253790855408 ,0.4522927403450012 ,0.7191369533538818 ,0.3999268710613251 ,0.6851416230201721 ,0.3609694242477417 ,0.6538264751434326 ,0.33901330828666687 ,0.6214195489883423 ,0.32946982979774475 ,0.6482184529304504 ,0.38004010915756226 ,0.6217098832130432 ,0.3681577444076538 ,0.6320648789405823 ,0.36563730239868164 ,0.6397238373756409 ,0.3648574948310852 ,0.6460962891578674 ,0.4138975441455841 ,0.6239854097366333 ,0.40369731187820435 ,0.6375406980514526 ,0.39806780219078064 ,0.6438146829605103 ,0.3972166180610657 ,0.6511520743370056 ,0.4486507475376129 ,0.6286612749099731 ,0.441858172416687 ,0.6450893878936768 ,0.43439534306526184 ,0.6548714637756348 ,0.43196916580200195 ,0.6601101756095886 ,0.4852444529533386 ,0.6448459625244141 ,0.47886717319488525 ,0.6569081544876099 ,0.4665534794330597 ,0.6663720607757568 ,0.4590289890766144
41,/data/MGDataset/real_data_224/rgb/real_rgb_Left_zoom_out_using_palm_p=03_g=41_v=10_f=000029.png,0.7259941697120667 ,0.5275111198425293 ,0.7258991599082947 ,0.48056256771087646 ,0.7134445905685425 ,0.4353475570678711 ,0.7072787284851074 ,0.3917396068572998 ,0.7053055167198181 ,0.3569566011428833 ,0.6722270250320435 ,0.45078733563423157 ,0.6423386335372925 ,0.40968817472457886 ,0.6229259967803955 ,0.3843824863433838 ,0.6071661710739136 ,0.3621617257595062 ,0.6599963307380676 ,0.47405946254730225 ,0.6217834949493408 ,0.44204843044281006 ,0.5982897877693176 ,0.4199106693267822 ,0.5805356502532959 ,0.40032103657722473 ,0.656883716583252 ,0.5003132224082947 ,0.6208598017692566 ,0.4766404330730438 ,0.5986363887786865 ,0.4596421718597412 ,0.5811291933059692 ,0.4433497488498688 ,0.6612176895141602 ,0.5259244441986084 ,0.6325319409370422 ,0.5227739214897156 ,0.6157242059707642 ,0.5201297402381897 ,0.6001923084259033 ,0.5139268636703491
17,/data/MGDataset/real_data_224/rgb/real_rgb_Right_tap_on_middle_phalanx_of_index_finger_using_thumb_p=07_g=17_v=32_f=000057.png,0.673581063747406 ,0.4466886818408966 ,0.6590837240219116 ,0.475070595741272 ,0.6682100296020508 ,0.4817762076854706 ,0.6898335218429565 ,0.4764631390571594 ,0.7182905673980713 ,0.462510347366333 ,0.719619631767273 ,0.509871244430542 ,0.7526921033859253 ,0.5353987216949463 ,0.7831600904464722 ,0.5474465489387512 ,0.812158465385437 ,0.5493994355201721 ,0.7292668223381042 ,0.48684781789779663 ,0.7751368284225464 ,0.4907826781272888 ,0.8129581809043884 ,0.49640998244285583 ,0.8421289920806885 ,0.495294451713562 ,0.7260217070579529 ,0.45486947894096375 ,0.7787927985191345 ,0.44257453083992004 ,0.8129245042800903 ,0.43366482853889465 ,0.8417543172836304 ,0.42593738436698914 ,0.7142230868339539 ,0.42252179980278015 ,0.747651994228363 ,0.4084504544734955 ,0.7720004320144653 ,0.40409401059150696 ,0.7921538352966309 ,0.3997199237346649
7,/data/MGDataset/real_data_224/rgb/real_rgb_Right_tap_on_proximal_phalanx_of_middle_finger_using_thumb_p=09_g=7_v=15_f=000030.png,0.6468753814697266 ,0.672286868095398 ,0.6461154222488403 ,0.6109049320220947 ,0.6650931239128113 ,0.5572285056114197 ,0.7066602110862732 ,0.5319083333015442 ,0.7432709336280823 ,0.5199897289276123 ,0.6784207224845886 ,0.5258384346961975 ,0.701916515827179 ,0.46413686871528625 ,0.7163176536560059 ,0.4235406219959259 ,0.7269001603126526 ,0.39181017875671387 ,0.7001180648803711 ,0.5440647006034851 ,0.7194480299949646 ,0.47439849376678467 ,0.7290880680084229 ,0.4274876117706299 ,0.7361199855804443 ,0.38788947463035583 ,0.7127619385719299 ,0.5737051963806152 ,0.746905505657196 ,0.5277172923088074 ,0.7708396911621094 ,0.48647379875183105 ,0.7905668020248413 ,0.45147421956062317 ,0.7232162952423096 ,0.6141159534454346 ,0.7492610812187195 ,0.5975098609924316 ,0.763014554977417 ,0.5802860260009766 ,0.7734529376029968 ,0.5627560615539551
45,/data/MGDataset/real_data_224/rgb/real_rgb_Right_zoom_in_using_palm_p=11_g=45_v=35_f=000049.png,0.6088495254516602 ,0.6015128493309021 ,0.6399142146110535 ,0.5246414542198181 ,0.6729414463043213 ,0.4761040508747101 ,0.7090882062911987 ,0.44836992025375366 ,0.746397078037262 ,0.44452786445617676 ,0.6893564462661743 ,0.47711026668548584 ,0.7190781831741333 ,0.45412129163742065 ,0.7295899987220764 ,0.4545992910861969 ,0.7301825284957886 ,0.4587288498878479 ,0.700333297252655 ,0.5044468641281128 ,0.7299256324768066 ,0.4834998548030853 ,0.7421706318855286 ,0.4790928363800049 ,0.7444448471069336 ,0.48345908522605896 ,0.7075856328010559 ,0.5297423601150513 ,0.7329972386360168 ,0.5140655040740967 ,0.7454368472099304 ,0.5053961873054504 ,0.7476214170455933 ,0.5048598647117615 ,0.7123531103134155 ,0.5577332973480225 ,0.7365666627883911 ,0.5456110239028931 ,0.7487935423851013 ,0.5332379341125488 ,0.7541570663452148 ,0.5262027382850647
6,/data/MGDataset/real_data_224/rgb/real_rgb_Right_tap_on_middle_phalanx_of_ring_finger_using_thumb_p=11_g=6_v=41_f=000009.png,0.6088910698890686 ,0.5472849607467651 ,0.6143007874488831 ,0.48418617248535156 ,0.6343523859977722 ,0.4298752546310425 ,0.6480652093887329 ,0.38951927423477173 ,0.6586983799934387 ,0.35553863644599915 ,0.6751210689544678 ,0.46302759647369385 ,0.7050411701202393 ,0.4317554235458374 ,0.7226212024688721 ,0.4175463318824768 ,0.738628089427948 ,0.4064771234989166 ,0.687150776386261 ,0.4955170154571533 ,0.7190204858779907 ,0.4739711582660675 ,0.7401107549667358 ,0.4620111286640167 ,0.7556582689285278 ,0.4558924436569214 ,0.6907668709754944 ,0.5293357372283936 ,0.722353458404541 ,0.5191434025764465 ,0.7414101362228394 ,0.5128867030143738 ,0.7565445899963379 ,0.50816810131073 ,0.6873435378074646 ,0.5643608570098877 ,0.7136753797531128 ,0.566392719745636 ,0.7249147891998291 ,0.5644275546073914 ,0.734936535358429 ,0.5627626180648804
14,/data/MGDataset/real_data_224/rgb/real_rgb_Left_tap_on_distal_phalanx_of_middle_finger_using_thumb_p=03_g=14_v=35_f=000071.png,0.6755550503730774 ,0.478113055229187 ,0.7084015607833862 ,0.5041130781173706 ,0.7329411506652832 ,0.5284609198570251 ,0.7415122985839844 ,0.5442672967910767 ,0.7480673789978027 ,0.558835506439209 ,0.6902520656585693 ,0.4897599518299103 ,0.6736798882484436 ,0.4575531482696533 ,0.6629751324653625 ,0.42674022912979126 ,0.654291033744812 ,0.39290571212768555 ,0.6556974649429321 ,0.46816402673721313 ,0.632744312286377 ,0.42238277196884155 ,0.6150938868522644 ,0.39205998182296753 ,0.6029890179634094 ,0.3671087920665741 ,0.6365156173706055 ,0.45331311225891113 ,0.6179242134094238 ,0.4128565788269043 ,0.6025646924972534 ,0.38164055347442627 ,0.5903316736221313 ,0.35810011625289917 ,0.6252686381340027 ,0.44767996668815613 ,0.6100186705589294 ,0.4125325679779053 ,0.5968014001846313 ,0.3869452476501465 ,0.5850156545639038 ,0.3668997585773468
4,/data/MGDataset/real_data_224/rgb/real_rgb_Right_rub_thumb_on_index_finger_anti-clockwise_p=11_g=4_v=16_f=000071.png,0.6199299693107605 ,0.4927195906639099 ,0.637661874294281 ,0.4595588445663452 ,0.6670625805854797 ,0.42205938696861267 ,0.6869139075279236 ,0.3961033821105957 ,0.7013272047042847 ,0.3845696449279785 ,0.6688919067382812 ,0.44743940234184265 ,0.6875307559967041 ,0.4350626468658447 ,0.6929493546485901 ,0.4173543453216553 ,0.6990970373153687 ,0.3983592391014099 ,0.6619304418563843 ,0.4782142639160156 ,0.6816287040710449 ,0.46434763073921204 ,0.6897832751274109 ,0.4524613320827484 ,0.6974428296089172 ,0.43998801708221436 ,0.6508329510688782 ,0.5059723258018494 ,0.67118239402771 ,0.49095073342323303 ,0.6833844184875488 ,0.4813368022441864 ,0.6962841749191284 ,0.47091439366340637 ,0.6388027667999268 ,0.5318263173103333 ,0.6587820053100586 ,0.5229572653770447 ,0.6730378270149231 ,0.511579692363739 ,0.6867618560791016 ,0.5020216107368469
44,/data/MGDataset/real_data_224/rgb/real_rgb_Left_double_tap_on_middle_phalanx_of_middle_finger_using_thumb_p=05_g=44_v=13_f=000073.png,0.7198144197463989 ,0.49221205711364746 ,0.7288908958435059 ,0.4640964865684509 ,0.7102037072181702 ,0.4336658716201782 ,0.6856952905654907 ,0.4030464291572571 ,0.6629639863967896 ,0.37908846139907837 ,0.6857125759124756 ,0.4571106731891632 ,0.6528242826461792 ,0.45151856541633606 ,0.6287633180618286 ,0.4533233344554901 ,0.6108888387680054 ,0.4566554129123688 ,0.6758754849433899 ,0.48976758122444153 ,0.6401565670967102 ,0.49128812551498413 ,0.6127274632453918 ,0.4922112822532654 ,0.5962905883789062 ,0.49421757459640503 ,0.6713976263999939 ,0.5167746543884277 ,0.6406949758529663 ,0.5216483473777771 ,0.6194567084312439 ,0.5235639810562134 ,0.6053148508071899 ,0.526707649230957 ,0.6699994802474976 ,0.5381256341934204 ,0.6459025740623474 ,0.5490257740020752 ,0.6299787163734436 ,0.5512909293174744 ,0.6200144290924072 ,0.5538712739944458
17,/data/MGDataset/real_data_224/rgb/real_rgb_Left_tap_on_middle_phalanx_of_index_finger_using_thumb_p=08_g=17_v=44_f=000044.png,0.8233441710472107 ,0.5723777413368225 ,0.8118280172348022 ,0.5075505375862122 ,0.7789920568466187 ,0.44595441222190857 ,0.7569339275360107 ,0.39237603545188904 ,0.7442062497138977 ,0.34886419773101807 ,0.7106950879096985 ,0.4902205169200897 ,0.6644397974014282 ,0.4725741147994995 ,0.6384137868881226 ,0.46679437160491943 ,0.6143271923065186 ,0.46440401673316956 ,0.7011383771896362 ,0.5372571349143982 ,0.6545647382736206 ,0.537509560585022 ,0.6267619132995605 ,0.538996696472168 ,0.6003883481025696 ,0.543456494808197 ,0.7057526707649231 ,0.581620454788208 ,0.6659855246543884 ,0.5921644568443298 ,0.6409841775894165 ,0.5991334319114685 ,0.6164998412132263 ,0.6051449179649353 ,0.721853494644165 ,0.6233378052711487 ,0.6909685134887695 ,0.6432517766952515 ,0.6702160239219666 ,0.6588196158409119 ,0.6484531164169312 ,0.6713830828666687
33,/data/MGDataset/real_data_224/rgb/real_rgb_Left_double_tap_on_proximal_phalanx_of_index_finger_using_thumb_p=08_g=33_v=0_f=000015.png,0.7559574246406555 ,0.6159849166870117 ,0.7038070559501648 ,0.5286691188812256 ,0.644988477230072 ,0.44866275787353516 ,0.6057683825492859 ,0.38695454597473145 ,0.5829290747642517 ,0.33973902463912964 ,0.5870898962020874 ,0.5047792196273804 ,0.5318467617034912 ,0.48564499616622925 ,0.500531792640686 ,0.4768625497817993 ,0.46894174814224243 ,0.4696435034275055 ,0.5761891603469849 ,0.5581497550010681 ,0.5247986316680908 ,0.550658106803894 ,0.4907681941986084 ,0.5463444590568542 ,0.4611149728298187 ,0.5415436625480652 ,0.5771395564079285 ,0.6086612939834595 ,0.5336575508117676 ,0.6088078022003174 ,0.50076824426651 ,0.6092045903205872 ,0.47150471806526184 ,0.6093643307685852 ,0.5932357311248779 ,0.6579097509384155 ,0.5529360771179199 ,0.6656638979911804 ,0.5254221558570862 ,0.6781342029571533 ,0.4963141679763794 ,0.687434732913971
4,/data/MGDataset/real_data_224/rgb/real_rgb_Right_rub_thumb_on_index_finger_anti-clockwise_p=09_g=4_v=46_f=000072.png,0.6232204437255859 ,0.5880831480026245 ,0.6068974733352661 ,0.6212469935417175 ,0.6145410537719727 ,0.6368075609207153 ,0.6161699891090393 ,0.640139102935791 ,0.6169384717941284 ,0.6373094320297241 ,0.6517778635025024 ,0.6353574395179749 ,0.6757143139839172 ,0.6412568092346191 ,0.6966633796691895 ,0.6316964030265808 ,0.7112977504730225 ,0.614397406578064 ,0.6806210279464722 ,0.6045180559158325 ,0.6992785930633545 ,0.6078079342842102 ,0.7162953019142151 ,0.6009530425071716 ,0.730747640132904 ,0.5870511531829834 ,0.6914870142936707 ,0.5685175061225891 ,0.7140432000160217 ,0.5634114146232605 ,0.7269304990768433 ,0.5588010549545288 ,0.742400050163269 ,0.5486353635787964 ,0.6928024291992188 ,0.5305753946304321 ,0.7108941078186035 ,0.5132854580879211 ,0.7207520008087158 ,0.4994857609272003 ,0.7326706051826477 ,0.483305424451828
39,/data/MGDataset/real_data_224/rgb/real_rgb_Left_four_p=05_g=39_v=39_f=000060.png,0.7451468706130981 ,0.5260060429573059 ,0.7295235395431519 ,0.48364588618278503 ,0.705650806427002 ,0.45550933480262756 ,0.6858564615249634 ,0.48766741156578064 ,0.6789103746414185 ,0.5223692059516907 ,0.661076009273529 ,0.45117777585983276 ,0.624359130859375 ,0.4149659276008606 ,0.602805495262146 ,0.3968091905117035 ,0.5819586515426636 ,0.38408035039901733 ,0.6528826951980591 ,0.4864775538444519 ,0.6069141030311584 ,0.47017234563827515 ,0.5800296068191528 ,0.46901628375053406 ,0.5581796765327454 ,0.47061994671821594 ,0.6570589542388916 ,0.5213934779167175 ,0.6184508204460144 ,0.5234942436218262 ,0.5918893218040466 ,0.5263387560844421 ,0.5672358274459839 ,0.5294403433799744 ,0.6697272658348083 ,0.5548292994499207 ,0.6441891193389893 ,0.5771569013595581 ,0.6277685165405273 ,0.5947310328483582 ,0.6089081764221191 ,0.6104546189308167
27,/data/MGDataset/real_data_224/rgb/real_rgb_Left_three_p=08_g=27_v=27_f=000036.png,0.7455078363418579 ,0.5380411744117737 ,0.7449906468391418 ,0.49739915132522583 ,0.7261122465133667 ,0.46433043479919434 ,0.6968491673469543 ,0.4426300823688507 ,0.6749591827392578 ,0.42549872398376465 ,0.695598840713501 ,0.46784707903862 ,0.6659664511680603 ,0.43656134605407715 ,0.6527552604675293 ,0.42631322145462036 ,0.6376940608024597 ,0.41792982816696167 ,0.689556896686554 ,0.5021461248397827 ,0.662472665309906 ,0.48399755358695984 ,0.6457081437110901 ,0.47950097918510437 ,0.6285691261291504 ,0.4736674726009369 ,0.6953108906745911 ,0.5372875928878784 ,0.6729491353034973 ,0.528555691242218 ,0.6587497591972351 ,0.5292606949806213 ,0.6434467434883118 ,0.5234620571136475 ,0.7093119621276855 ,0.568646252155304 ,0.6991514563560486 ,0.5754397511482239 ,0.6934827566146851 ,0.5798413753509521 ,0.68416428565979 ,0.5770953893661499
31,/data/MGDataset/real_data_224/rgb/real_rgb_Right_double_tap_on_distal_phalanx_of_index_finger_using_thumb_p=07_g=31_v=12_f=000020.png,0.6719285249710083 ,0.5031461119651794 ,0.6893441677093506 ,0.4731791019439697 ,0.7196304798126221 ,0.45373690128326416 ,0.7497275471687317 ,0.4490140974521637 ,0.7787719368934631 ,0.4486594498157501 ,0.7302303314208984 ,0.481017529964447 ,0.7701907753944397 ,0.4777730405330658 ,0.8015478253364563 ,0.47531771659851074 ,0.8279821872711182 ,0.47241881489753723 ,0.7240272760391235 ,0.5137734413146973 ,0.7712153196334839 ,0.5153740048408508 ,0.8054792284965515 ,0.5174473524093628 ,0.8307892084121704 ,0.5145818591117859 ,0.713737428188324 ,0.5425176620483398 ,0.7584759593009949 ,0.5458168387413025 ,0.791786789894104 ,0.5443705916404724 ,0.8184806108474731 ,0.5408281683921814 ,0.7035737037658691 ,0.564255952835083 ,0.7447100877761841 ,0.5770416259765625 ,0.7723286151885986 ,0.5781433582305908 ,0.7939268946647644 ,0.5763309001922607
