31,0.0,0.0,-0.1,-0.32272727272727275,-0.32272727272727275,-0.5636363636363636,-0.5863636363636363,-0.7090909090909091,-0.8181818181818182,-0.8318181818181818,-0.33636363636363636,-0.6727272727272727,-0.5636363636363636,-0.8136363636363636,-0.740909090909091,-0.8636363636363636,-0.8863636363636364,-0.8772727272727273,-0.42272727272727273,-0.5363636363636364,-0.6681818181818182,-0.7227272727272728,-0.85,-0.8318181818181818,-1.0,-0.95,-0.4818181818181818,-0.39545454545454545,-0.7181818181818181,-0.5681818181818182,-0.8636363636363636,-0.6681818181818182,-0.9863636363636363,-0.7681818181818182,-0.5272727272727272,-0.2318181818181818,-0.7136363636363636,-0.33181818181818185,-0.8409090909090909,-0.4,-0.9545454545454546,-0.4863636363636364,0.0,0.0,-0.12272727272727273,-0.32727272727272727,-0.33181818181818185,-0.5590909090909091,-0.6,-0.6863636363636364,-0.8318181818181818,-0.8090909090909091,-0.32272727272727275,-0.6772727272727272,-0.5909090909090909,-0.8136363636363636,-0.7954545454545454,-0.8590909090909091,-0.9590909090909091,-0.8727272727272727,-0.4090909090909091,-0.5272727272727272,-0.6681818181818182,-0.7181818181818181,-0.8545454545454545,-0.8227272727272728,-1.0,-0.9227272727272727,-0.4681818181818182,-0.38636363636363635,-0.7045454545454546,-0.5590909090909091,-0.85,-0.6545454545454545,-0.9772727272727273,-0.7454545454545455,-0.5227272727272727,-0.2318181818181818,-0.7090909090909091,-0.33181818181818185,-0.8318181818181818,-0.40454545454545454,-0.9409090909090909,-0.4954545454545455,0.0,0.0,-0.12727272727272726,-0.33636363636363636,-0.35,-0.5636363636363636,-0.6181818181818182,-0.6818181818181818,-0.8454545454545455,-0.7909090909090909,-0.3409090909090909,-0.6727272727272727,-0.6090909090909091,-0.8045454545454546,-0.8136363636363636,-0.8545454545454545,-0.9681818181818181,-0.8772727272727273,-0.42727272727272725,-0.5227272727272727,-0.6818181818181818,-0.7045454545454546,-0.8636363636363636,-0.8090909090909091,-1.0,-0.9045454545454545,-0.4818181818181818,-0.38181818181818183,-0.7136363636363636,-0.55,-0.8545454545454545,-0.65,-0.9818181818181818,-0.7454545454545455,-0.5272727272727272,-0.22272727272727272,-0.7136363636363636,-0.32272727272727275,-0.8363636363636363,-0.39545454545454545,-0.9454545454545454,-0.4863636363636364,0.0,0.0,-0.13063063063063063,-0.32882882882882886,-0.34234234234234234,-0.5495495495495496,-0.6081081081081081,-0.6666666666666666,-0.8288288288288288,-0.7747747747747747,-0.3333333333333333,-0.6666666666666666,-0.5945945945945946,-0.8018018018018018,-0.7927927927927928,-0.8423423423423423,-0.9414414414414415,-0.8468468468468469,-0.42342342342342343,-0.5225225225225225,-0.6801801801801802,-0.7072072072072072,-0.8558558558558559,-0.8153153153153153,-1.0,-0.9144144144144144,-0.4774774774774775,-0.3783783783783784,-0.7117117117117117,-0.5405405405405406,-0.8513513513513513,-0.6441441441441441,-0.9774774774774775,-0.7342342342342343,-0.527027027027027,-0.21621621621621623,-0.7117117117117117,-0.3153153153153153,-0.8288288288288288,-0.38738738738738737,-0.9369369369369369,-0.4774774774774775,0.0,0.0,-0.12162162162162163,-0.31981981981981983,-0.32882882882882886,-0.5495495495495496,-0.5990990990990991,-0.6711711711711712,-0.8243243243243243,-0.7792792792792793,-0.32882882882882886,-0.6666666666666666,-0.581081081081081,-0.8018018018018018,-0.7702702702702703,-0.8423423423423423,-0.9234234234234234,-0.8558558558558559,-0.4189189189189189,-0.5225225225225225,-0.6711711711711712,-0.7117117117117117,-0.8513513513513513,-0.8243243243243243,-1.0,-0.9279279279279279,-0.47297297297297297,-0.3738738738738739,-0.7072072072072072,-0.545045045045045,-0.8513513513513513,-0.6441441441441441,-0.9819819819819819,-0.7387387387387387,-0.5180180180180181,-0.21171171171171171,-0.7072072072072072,-0.3108108108108108,-0.8288288288288288,-0.38288288288288286,-0.9459459459459459,-0.47297297297297297
31,0.0,0.0,-0.025423728813559324,-0.2076271186440678,-0.15677966101694915,-0.4025423728813559,-0.2838983050847458,-0.5635593220338984,-0.3771186440677966,-0.711864406779661,-0.4661016949152542,-0.5084745762711864,-0.5805084745762712,-0.6822033898305084,-0.5296610169491526,-0.7330508474576272,-0.4322033898305085,-0.7330508474576272,-0.5677966101694916,-0.423728813559322,-0.75,-0.614406779661017,-0.8305084745762712,-0.7415254237288136,-0.885593220338983,-0.8601694915254238,-0.6186440677966102,-0.3008474576271186,-0.8220338983050848,-0.4703389830508475,-0.923728813559322,-0.5805084745762712,-1.0,-0.690677966101695,-0.614406779661017,-0.1440677966101695,-0.7754237288135594,-0.23728813559322035,-0.8601694915254238,-0.3220338983050847,-0.923728813559322,-0.4194915254237288,0.0,0.0,-0.0423728813559322,-0.2245762711864407,-0.17796610169491525,-0.4152542372881356,-0.3050847457627119,-0.559322033898305,-0.3983050847457627,-0.6949152542372882,-0.4830508474576271,-0.5127118644067796,-0.5889830508474576,-0.6822033898305084,-0.538135593220339,-0.7415254237288136,-0.4449152542372881,-0.7542372881355932,-0.5847457627118644,-0.4322033898305085,-0.7584745762711864,-0.614406779661017,-0.8389830508474576,-0.7457627118644068,-0.8898305084745762,-0.8686440677966102,-0.6271186440677966,-0.3135593220338983,-0.8177966101694916,-0.4661016949152542,-0.9194915254237288,-0.5889830508474576,-1.0,-0.7076271186440678,-0.6228813559322034,-0.15677966101694915,-0.7711864406779662,-0.2457627118644068,-0.8559322033898306,-0.3305084745762712,-0.9279661016949152,-0.4322033898305085,0.0,0.0,-0.03765690376569038,-0.2175732217573222,-0.1799163179916318,-0.4100418410041841,-0.3054393305439331,-0.5481171548117155,-0.401673640167364,-0.6736401673640168,-0.4769874476987448,-0.502092050209205,-0.5899581589958159,-0.6694560669456067,-0.5397489539748954,-0.7280334728033473,-0.4393305439330544,-0.7364016736401674,-0.5774058577405857,-0.4225941422594142,-0.7573221757322176,-0.602510460251046,-0.8368200836820083,-0.7364016736401674,-0.8870292887029289,-0.8577405857740585,-0.6234309623430963,-0.3054393305439331,-0.8158995815899581,-0.4602510460251046,-0.9205020920502092,-0.5815899581589958,-1.0,-0.698744769874477,-0.6192468619246861,-0.15481171548117154,-0.7656903765690377,-0.2384937238493724,-0.8493723849372385,-0.3263598326359833,-0.9163179916317992,-0.42677824267782427,0.0,0.0,-0.03734439834024896,-0.21991701244813278,-0.17427385892116182,-0.4066390041493776,-0.3029045643153527,-0.5477178423236515,-0.3983402489626556,-0.6763485477178424,-0.46887966804979253,-0.4979253112033195,-0.5726141078838174,-0.6680497925311203,-0.5269709543568465,-0.7261410788381742,-0.43568464730290457,-0.7261410788381742,-0.5726141078838174,-0.42323651452282157,-0.7510373443983402,-0.6016597510373444,-0.8257261410788381,-0.7344398340248963,-0.8796680497925311,-0.8506224066390041,-0.6141078838174274,-0.3112033195020747,-0.8132780082987552,-0.45643153526970953,-0.91701244813278,-0.5767634854771784,-1.0,-0.6929460580912863,-0.6141078838174274,-0.15767634854771784,-0.7593360995850622,-0.24481327800829875,-0.8423236514522822,-0.3278008298755187,-0.9128630705394191,-0.42738589211618255,0.0,0.0,-0.037037037037037035,-0.2139917695473251,-0.16872427983539096,-0.40329218106995884,-0.2880658436213992,-0.551440329218107,-0.38271604938271603,-0.6872427983539094,-0.4732510288065844,-0.49382716049382713,-0.5761316872427984,-0.6666666666666666,-0.5185185185185185,-0.7283950617283951,-0.41975308641975306,-0.7366255144032922,-0.5720164609053497,-0.41975308641975306,-0.7489711934156379,-0.5967078189300411,-0.823045267489712,-0.7325102880658436,-0.8765432098765432,-0.8477366255144033,-0.6131687242798354,-0.3045267489711934,-0.8065843621399177,-0.448559670781893,-0.9135802469135802,-0.5679012345679012,-1.0,-0.6831275720164609,-0.6090534979423868,-0.1522633744855967,-0.7530864197530864,-0.2345679012345679,-0.8395061728395061,-0.32098765432098764,-0.9094650205761317,-0.41975308641975306
31,0.0,0.0,-0.010714285714285714,-0.20357142857142857,-0.18214285714285713,-0.4035714285714286,-0.3607142857142857,-0.5357142857142857,-0.5071428571428571,-0.6571428571428571,-0.375,-0.45714285714285713,-0.5285714285714286,-0.6,-0.5892857142857143,-0.6714285714285714,-0.6178571428571429,-0.7142857142857143,-0.475,-0.37142857142857144,-0.6785714285714286,-0.5428571428571428,-0.8214285714285714,-0.6642857142857143,-0.9428571428571428,-0.7642857142857142,-0.5285714285714286,-0.2571428571428571,-0.7428571428571429,-0.4035714285714286,-0.8821428571428571,-0.5142857142857142,-1.0,-0.6142857142857143,-0.5428571428571428,-0.11428571428571428,-0.7071428571428572,-0.20714285714285716,-0.8214285714285714,-0.28214285714285714,-0.9285714285714286,-0.37142857142857144,0.0,0.0,-0.041379310344827586,-0.22413793103448276,-0.21379310344827587,-0.4068965517241379,-0.40344827586206894,-0.5344827586206896,-0.5586206896551724,-0.6482758620689655,-0.4068965517241379,-0.47586206896551725,-0.5482758620689655,-0.6103448275862069,-0.603448275862069,-0.6551724137931034,-0.6310344827586207,-0.6655172413793103,-0.503448275862069,-0.3896551724137931,-0.7,-0.5620689655172414,-0.8344827586206897,-0.6758620689655173,-0.9517241379310345,-0.7827586206896552,-0.5482758620689655,-0.2793103448275862,-0.7551724137931034,-0.4241379310344828,-0.8862068965517241,-0.5275862068965518,-1.0,-0.6310344827586207,-0.5620689655172414,-0.14482758620689656,-0.7241379310344828,-0.23793103448275862,-0.8310344827586207,-0.3103448275862069,-0.9310344827586207,-0.39655172413793105,0.0,0.0,-0.05136986301369863,-0.22602739726027396,-0.2191780821917808,-0.4041095890410959,-0.4075342465753425,-0.5308219178082192,-0.5616438356164384,-0.636986301369863,-0.4178082191780822,-0.4691780821917808,-0.565068493150685,-0.6095890410958904,-0.6095890410958904,-0.6438356164383562,-0.6267123287671232,-0.6506849315068494,-0.5102739726027398,-0.386986301369863,-0.7123287671232876,-0.5582191780821918,-0.8424657534246576,-0.6678082191780822,-0.958904109589041,-0.7705479452054794,-0.5513698630136986,-0.2808219178082192,-0.7568493150684932,-0.4178082191780822,-0.8904109589041096,-0.523972602739726,-1.0,-0.6267123287671232,-0.5582191780821918,-0.1506849315068493,-0.726027397260274,-0.23972602739726026,-0.8321917808219178,-0.3116438356164384,-0.9315068493150684,-0.3938356164383562,0.0,0.0,-0.04421768707482993,-0.22448979591836735,-0.2108843537414966,-0.4013605442176871,-0.4013605442176871,-0.5272108843537415,-0.5578231292517006,-0.6326530612244898,-0.41496598639455784,-0.46598639455782315,-0.5544217687074829,-0.608843537414966,-0.5986394557823129,-0.6428571428571429,-0.608843537414966,-0.6462585034013606,-0.5068027210884354,-0.3877551020408163,-0.7074829931972789,-0.5544217687074829,-0.8367346938775511,-0.6632653061224489,-0.9523809523809523,-0.7619047619047619,-0.5476190476190477,-0.2789115646258503,-0.7551020408163265,-0.41156462585034015,-0.8877551020408163,-0.5170068027210885,-1.0,-0.6156462585034014,-0.5544217687074829,-0.14625850340136054,-0.7210884353741497,-0.23129251700680273,-0.826530612244898,-0.30272108843537415,-0.9251700680272109,-0.3843537414965986,0.0,0.0,-0.040268456375838924,-0.22818791946308725,-0.20469798657718122,-0.40268456375838924,-0.3926174496644295,-0.5268456375838926,-0.5469798657718121,-0.62751677852349,-0.40939597315436244,-0.4563758389261745,-0.5436241610738255,-0.5939597315436241,-0.5838926174496645,-0.6308724832214765,-0.5973154362416108,-0.6375838926174496,-0.5033557046979866,-0.37919463087248323,-0.697986577181208,-0.5503355704697986,-0.825503355704698,-0.6577181208053692,-0.9429530201342282,-0.7583892617449665,-0.5436241610738255,-0.27181208053691275,-0.7516778523489933,-0.40604026845637586,-0.8859060402684564,-0.5100671140939598,-1.0,-0.6073825503355704,-0.5503355704697986,-0.14429530201342283,-0.7114093959731543,-0.22818791946308725,-0.8221476510067114,-0.2986577181208054,-0.9194630872483222,-0.37583892617449666
31,0.0,0.0,-0.21,-0.3333333333333333,-0.41,-0.53,-0.6866666666666666,-0.5533333333333333,-0.91,-0.53,-0.39666666666666667,-0.5333333333333333,-0.6433333333333333,-0.5866666666666667,-0.78,-0.55,-0.9066666666666666,-0.5166666666666667,-0.4266666666666667,-0.36,-0.6733333333333333,-0.4,-0.8566666666666667,-0.38666666666666666,-1.0,-0.36333333333333334,-0.45,-0.21666666666666667,-0.6966666666666667,-0.24666666666666667,-0.85,-0.24666666666666667,-0.9833333333333333,-0.23666666666666666,-0.47333333333333333,-0.06,-0.67,-0.10333333333333333,-0.79,-0.11333333333333333,-0.9033333333333333,-0.13,0.0,0.0,-0.1986754966887417,-0.3443708609271523,-0.38741721854304634,-0.543046357615894,-0.6589403973509934,-0.5629139072847682,-0.8642384105960265,-0.5331125827814569,-0.36423841059602646,-0.5132450331125827,-0.6059602649006622,-0.5596026490066225,-0.7649006622516556,-0.5331125827814569,-0.9072847682119205,-0.5132450331125827,-0.41721854304635764,-0.3543046357615894,-0.6589403973509934,-0.39403973509933776,-0.8509933774834437,-0.39403973509933776,-1.0,-0.38741721854304634,-0.45364238410596025,-0.2119205298013245,-0.6854304635761589,-0.24834437086092714,-0.847682119205298,-0.25165562913907286,-0.9867549668874173,-0.24503311258278146,-0.47019867549668876,-0.06622516556291391,-0.6622516556291391,-0.10596026490066225,-0.7913907284768212,-0.11258278145695365,-0.9139072847682119,-0.12251655629139073,0.0,0.0,-0.21739130434782608,-0.35451505016722407,-0.4080267558528428,-0.5484949832775919,-0.6722408026755853,-0.568561872909699,-0.8795986622073578,-0.5551839464882943,-0.3612040133779264,-0.5284280936454849,-0.6120401337792643,-0.5785953177257525,-0.7658862876254181,-0.5551839464882943,-0.9063545150501672,-0.5384615384615384,-0.4080267558528428,-0.3612040133779264,-0.6588628762541806,-0.40468227424749165,-0.8528428093645485,-0.4080267558528428,-1.0,-0.40468227424749165,-0.44481605351170567,-0.21739130434782608,-0.68561872909699,-0.2508361204013378,-0.8494983277591973,-0.2608695652173913,-0.9966555183946488,-0.2608695652173913,-0.4682274247491639,-0.06688963210702341,-0.6622073578595318,-0.11371237458193979,-0.7892976588628763,-0.12374581939799331,-0.9130434782608695,-0.14046822742474915,0.0,0.0,-0.21212121212121213,-0.3468013468013468,-0.39730639730639733,-0.5387205387205387,-0.67003367003367,-0.5555555555555556,-0.8754208754208754,-0.5420875420875421,-0.3569023569023569,-0.5218855218855218,-0.6094276094276094,-0.569023569023569,-0.7676767676767676,-0.5420875420875421,-0.9090909090909091,-0.5185185185185185,-0.40404040404040403,-0.3569023569023569,-0.6565656565656566,-0.39730639730639733,-0.8484848484848485,-0.4006734006734007,-1.0,-0.39057239057239057,-0.4377104377104377,-0.21212121212121213,-0.6835016835016835,-0.24579124579124578,-0.8484848484848485,-0.24915824915824916,-0.9932659932659933,-0.24242424242424243,-0.4612794612794613,-0.06060606060606061,-0.6632996632996633,-0.10437710437710437,-0.7946127946127947,-0.1111111111111111,-0.9191919191919192,-0.12457912457912458,0.0,0.0,-0.2181208053691275,-0.3624161073825503,-0.40268456375838924,-0.5536912751677853,-0.6677852348993288,-0.5738255033557047,-0.87248322147651,-0.5570469798657718,-0.3724832214765101,-0.5134228187919463,-0.6174496644295302,-0.5604026845637584,-0.7684563758389261,-0.5436241610738255,-0.9060402684563759,-0.5234899328859061,-0.4161073825503356,-0.348993288590604,-0.6644295302013423,-0.3926174496644295,-0.8557046979865772,-0.39932885906040266,-1.0,-0.39932885906040266,-0.44966442953020136,-0.21140939597315436,-0.6879194630872483,-0.24496644295302014,-0.8523489932885906,-0.2550335570469799,-0.9966442953020134,-0.2550335570469799,-0.4697986577181208,-0.06375838926174497,-0.6677852348993288,-0.10738255033557047,-0.802013422818792,-0.1174496644295302,-0.9261744966442953,-0.13087248322147652
31,0.0,0.0,0.04017857142857143,-0.25,-0.07142857142857142,-0.5089285714285714,-0.22321428571428573,-0.6160714285714286,-0.45089285714285715,-0.6160714285714286,-0.5714285714285714,-0.5625,-0.8571428571428571,-0.6517857142857143,-0.8125,-0.6651785714285714,-0.6428571428571429,-0.625,-0.6651785714285714,-0.3705357142857143,-0.9464285714285714,-0.48660714285714285,-0.7991071428571429,-0.45535714285714285,-0.6116071428571429,-0.41964285714285715,-0.7232142857142857,-0.17857142857142858,-0.9955357142857143,-0.28125,-0.8705357142857143,-0.29464285714285715,-0.6651785714285714,-0.25,-0.7455357142857143,0.026785714285714284,-1.0,-0.06696428571428571,-0.9419642857142857,-0.10714285714285714,-0.7901785714285714,-0.09375,0.0,0.0,0.017777777777777778,-0.24444444444444444,-0.10222222222222223,-0.48,-0.2577777777777778,-0.56,-0.47555555555555556,-0.5644444444444444,-0.5866666666666667,-0.56,-0.8533333333333334,-0.6533333333333333,-0.7911111111111111,-0.6577777777777778,-0.6355555555555555,-0.6133333333333333,-0.6666666666666666,-0.36444444444444446,-0.9377777777777778,-0.47555555555555556,-0.7777777777777778,-0.4488888888888889,-0.6,-0.4088888888888889,-0.72,-0.1688888888888889,-0.9866666666666667,-0.27111111111111114,-0.8577777777777778,-0.28444444444444444,-0.6533333333333333,-0.24444444444444444,-0.7377777777777778,0.04,-1.0,-0.04,-0.9422222222222222,-0.08444444444444445,-0.8,-0.08888888888888889,0.0,0.0,0.008928571428571428,-0.25,-0.11160714285714286,-0.49107142857142855,-0.27232142857142855,-0.5625,-0.49107142857142855,-0.5625,-0.5982142857142857,-0.5625,-0.8616071428571429,-0.65625,-0.8035714285714286,-0.6651785714285714,-0.6473214285714286,-0.6160714285714286,-0.6785714285714286,-0.3705357142857143,-0.9375,-0.47767857142857145,-0.78125,-0.45089285714285715,-0.5982142857142857,-0.40625,-0.7321428571428571,-0.17857142857142858,-0.9866071428571429,-0.27232142857142855,-0.8660714285714286,-0.29017857142857145,-0.6651785714285714,-0.25,-0.7455357142857143,0.026785714285714284,-1.0,-0.03571428571428571,-0.9464285714285714,-0.08482142857142858,-0.8035714285714286,-0.09375,0.0,0.0,0.008928571428571428,-0.24553571428571427,-0.11607142857142858,-0.48660714285714285,-0.2767857142857143,-0.5625,-0.48660714285714285,-0.5580357142857143,-0.5982142857142857,-0.5535714285714286,-0.8616071428571429,-0.6473214285714286,-0.8080357142857143,-0.65625,-0.6517857142857143,-0.6116071428571429,-0.6785714285714286,-0.36160714285714285,-0.9375,-0.4732142857142857,-0.78125,-0.44642857142857145,-0.5982142857142857,-0.39732142857142855,-0.7321428571428571,-0.17410714285714285,-0.9910714285714286,-0.26339285714285715,-0.8660714285714286,-0.2857142857142857,-0.6651785714285714,-0.25,-0.7410714285714286,0.03125,-1.0,-0.03125,-0.9464285714285714,-0.08035714285714286,-0.8035714285714286,-0.08928571428571429,0.0,0.0,0.004424778761061947,-0.24778761061946902,-0.11946902654867257,-0.48672566371681414,-0.27876106194690264,-0.5663716814159292,-0.49557522123893805,-0.5575221238938053,-0.5973451327433629,-0.5575221238938053,-0.8584070796460177,-0.6504424778761062,-0.8053097345132744,-0.6548672566371682,-0.6504424778761062,-0.6061946902654868,-0.6814159292035398,-0.3672566371681416,-0.9292035398230089,-0.4690265486725664,-0.7699115044247787,-0.43805309734513276,-0.588495575221239,-0.3938053097345133,-0.7300884955752213,-0.17699115044247787,-0.9823008849557522,-0.26548672566371684,-0.8584070796460177,-0.27876106194690264,-0.6592920353982301,-0.24336283185840707,-0.7433628318584071,0.02654867256637168,-1.0,-0.030973451327433628,-0.9424778761061947,-0.07964601769911504,-0.8008849557522124,-0.08849557522123894
31,0.0,0.0,-0.07849829351535836,-0.3003412969283277,-0.27986348122866894,-0.5119453924914675,-0.5358361774744027,-0.6075085324232082,-0.7508532423208191,-0.5767918088737202,-0.5699658703071673,-0.49829351535836175,-0.8122866894197952,-0.6006825938566553,-0.8907849829351536,-0.6143344709897611,-0.863481228668942,-0.5802047781569966,-0.6450511945392492,-0.3447098976109215,-0.9146757679180887,-0.42662116040955633,-0.9726962457337884,-0.43686006825938567,-0.9010238907849829,-0.4197952218430034,-0.6791808873720137,-0.18771331058020477,-0.9215017064846417,-0.2525597269624573,-0.9931740614334471,-0.27986348122866894,-0.8976109215017065,-0.2627986348122867,-0.6825938566552902,-0.006825938566552901,-0.8873720136518771,-0.05802047781569966,-1.0,-0.09556313993174062,-1.0,-0.11604095563139932,0.0,0.0,-0.08445945945945946,-0.28040540540540543,-0.2905405405405405,-0.5101351351351351,-0.5472972972972973,-0.597972972972973,-0.7601351351351351,-0.5641891891891891,-0.5709459459459459,-0.5135135135135135,-0.7804054054054054,-0.6114864864864865,-0.8581081081081081,-0.6148648648648649,-0.8412162162162162,-0.5777027027027027,-0.652027027027027,-0.36486486486486486,-0.8986486486486487,-0.4391891891891892,-0.9594594594594594,-0.4391891891891892,-0.9054054054054054,-0.40878378378378377,-0.6959459459459459,-0.21283783783783783,-0.9222972972972973,-0.26013513513513514,-0.9898648648648649,-0.28378378378378377,-0.9121621621621622,-0.2668918918918919,-0.706081081081081,-0.037162162162162164,-0.902027027027027,-0.0777027027027027,-1.0,-0.10810810810810811,-1.0,-0.125,0.0,0.0,-0.08783783783783784,-0.27702702702702703,-0.30067567567567566,-0.5,-0.5540540540540541,-0.5912162162162162,-0.7702702702702703,-0.5574324324324325,-0.5743243243243243,-0.5067567567567568,-0.793918918918919,-0.6047297297297297,-0.8614864864864865,-0.6047297297297297,-0.8378378378378378,-0.5608108108108109,-0.6554054054054054,-0.3581081081081081,-0.9054054054054054,-0.43243243243243246,-0.9628378378378378,-0.42905405405405406,-0.9054054054054054,-0.3952702702702703,-0.6993243243243243,-0.19932432432432431,-0.9290540540540541,-0.2533783783783784,-1.0,-0.27364864864864863,-0.9155405405405406,-0.25,-0.7094594594594594,-0.02702702702702703,-0.9087837837837838,-0.06756756756756757,-1.0,-0.09797297297297297,-0.9898648648648649,-0.11486486486486487,0.0,0.0,-0.09121621621621621,-0.27702702702702703,-0.30405405405405406,-0.4966216216216216,-0.5574324324324325,-0.5912162162162162,-0.7736486486486487,-0.5608108108108109,-0.5709459459459459,-0.5101351351351351,-0.7905405405405406,-0.6114864864864865,-0.8581081081081081,-0.6148648648648649,-0.8378378378378378,-0.5777027027027027,-0.652027027027027,-0.3614864864864865,-0.9054054054054054,-0.4391891891891892,-0.9662162162162162,-0.4358108108108108,-0.9155405405405406,-0.40540540540540543,-0.6959459459459459,-0.20608108108108109,-0.9256756756756757,-0.26013513513513514,-0.9966216216216216,-0.28040540540540543,-0.9121621621621622,-0.25675675675675674,-0.7094594594594594,-0.030405405405405407,-0.9087837837837838,-0.07432432432432433,-1.0,-0.10472972972972973,-0.9932432432432432,-0.12162162162162163,0.0,0.0,-0.08783783783783784,-0.27702702702702703,-0.30067567567567566,-0.4966216216216216,-0.5540540540540541,-0.5912162162162162,-0.7736486486486487,-0.5641891891891891,-0.5743243243243243,-0.5067567567567568,-0.793918918918919,-0.6081081081081081,-0.8614864864864865,-0.6081081081081081,-0.831081081081081,-0.5709459459459459,-0.6554054054054054,-0.3581081081081081,-0.9054054054054054,-0.43243243243243246,-0.9662162162162162,-0.43243243243243246,-0.9121621621621622,-0.39864864864864863,-0.6993243243243243,-0.20270270270270271,-0.9256756756756757,-0.2533783783783784,-0.9966216216216216,-0.27364864864864863,-0.9155405405405406,-0.25675675675675674,-0.7094594594594594,-0.030405405405405407,-0.9054054054054054,-0.06756756756756757,-1.0,-0.09797297297297297,-1.0,-0.11824324324324324
31,0.0,0.0,-0.07553956834532374,-0.35251798561151076,-0.18705035971223022,-0.5251798561151079,-0.33093525179856115,-0.5935251798561151,-0.41007194244604317,-0.6726618705035972,-0.46402877697841727,-0.33093525179856115,-0.6654676258992805,-0.381294964028777,-0.7949640287769785,-0.4028776978417266,-0.8848920863309353,-0.39928057553956836,-0.5179856115107914,-0.17266187050359713,-0.7517985611510791,-0.18705035971223022,-0.89568345323741,-0.18345323741007194,-1.0,-0.17266187050359713,-0.5359712230215827,-0.017985611510791366,-0.7589928057553957,-0.025179856115107913,-0.8884892086330936,-0.03597122302158273,-0.9928057553956835,-0.046762589928057555,-0.5179856115107914,0.1474820143884892,-0.7014388489208633,0.1474820143884892,-0.8057553956834532,0.1366906474820144,-0.8920863309352518,0.11870503597122302,0.0,0.0,-0.07194244604316546,-0.35611510791366907,-0.17625899280575538,-0.5215827338129496,-0.31654676258992803,-0.5899280575539568,-0.39568345323741005,-0.6654676258992805,-0.46402877697841727,-0.31654676258992803,-0.6690647482014388,-0.37410071942446044,-0.7985611510791367,-0.39568345323741005,-0.8884892086330936,-0.3920863309352518,-0.5179856115107914,-0.1510791366906475,-0.7517985611510791,-0.17266187050359713,-0.89568345323741,-0.17266187050359713,-1.0,-0.16906474820143885,-0.5359712230215827,-0.0035971223021582736,-0.7553956834532374,-0.01079136690647482,-0.8848920863309353,-0.014388489208633094,-0.9856115107913669,-0.02877697841726619,-0.5071942446043165,0.14028776978417265,-0.6870503597122302,0.1474820143884892,-0.7913669064748201,0.14388489208633093,-0.8812949640287769,0.12949640287769784,0.0,0.0,-0.061371841155234655,-0.34296028880866425,-0.16967509025270758,-0.5126353790613718,-0.3140794223826715,-0.5884476534296029,-0.3898916967509025,-0.6678700361010831,-0.4584837545126354,-0.3140794223826715,-0.6678700361010831,-0.36823104693140796,-0.7942238267148014,-0.3898916967509025,-0.8880866425992779,-0.3862815884476534,-0.5090252707581228,-0.15162454873646208,-0.7509025270758123,-0.16967509025270758,-0.8953068592057761,-0.16606498194945848,-1.0,-0.1588447653429603,-0.5270758122743683,0.0,-0.7509025270758123,-0.010830324909747292,-0.8808664259927798,-0.01444043321299639,-0.9855595667870036,-0.02527075812274368,-0.4981949458483754,0.1444043321299639,-0.6787003610108303,0.15162454873646208,-0.7870036101083032,0.148014440433213,-0.8808664259927798,0.1299638989169675,0.0,0.0,-0.06159420289855073,-0.34782608695652173,-0.16666666666666666,-0.5144927536231884,-0.3115942028985507,-0.5833333333333334,-0.38405797101449274,-0.6666666666666666,-0.4601449275362319,-0.3115942028985507,-0.6666666666666666,-0.3695652173913043,-0.7934782608695652,-0.38768115942028986,-0.8876811594202898,-0.38768115942028986,-0.5108695652173914,-0.14855072463768115,-0.75,-0.16666666666666666,-0.894927536231884,-0.16666666666666666,-1.0,-0.15942028985507245,-0.5253623188405797,0.0,-0.75,-0.007246376811594203,-0.8804347826086957,-0.010869565217391304,-0.9891304347826086,-0.021739130434782608,-0.5,0.14492753623188406,-0.677536231884058,0.15217391304347827,-0.7862318840579711,0.14855072463768115,-0.8804347826086957,0.13405797101449277,0.0,0.0,-0.057971014492753624,-0.35144927536231885,-0.16304347826086957,-0.5181159420289855,-0.3079710144927536,-0.5905797101449275,-0.38405797101449274,-0.6702898550724637,-0.4601449275362319,-0.3115942028985507,-0.6666666666666666,-0.3695652173913043,-0.7934782608695652,-0.391304347826087,-0.8876811594202898,-0.391304347826087,-0.5072463768115942,-0.14855072463768115,-0.7463768115942029,-0.17028985507246377,-0.894927536231884,-0.16666666666666666,-1.0,-0.15942028985507245,-0.5253623188405797,0.0,-0.7463768115942029,-0.007246376811594203,-0.8768115942028986,-0.010869565217391304,-0.9818840579710145,-0.021739130434782608,-0.4963768115942029,0.14492753623188406,-0.6739130434782609,0.14855072463768115,-0.782608695652174,0.14492753623188406,-0.8804347826086957,0.13043478260869565
31,0.0,0.0,-0.07624633431085044,-0.18475073313782991,-0.22580645161290322,-0.30498533724340177,-0.36656891495601174,-0.3782991202346041,-0.4750733137829912,-0.45161290322580644,-0.49266862170087977,-0.20527859237536658,-0.6832844574780058,-0.25219941348973607,-0.8064516129032258,-0.2697947214076246,-0.9178885630498533,-0.28152492668621704,-0.5219941348973607,-0.08211143695014662,-0.7390029325513197,-0.093841642228739,-0.8797653958944281,-0.093841642228739,-1.0,-0.08797653958944282,-0.501466275659824,0.03225806451612903,-0.7038123167155426,0.03519061583577713,-0.8328445747800587,0.03225806451612903,-0.9472140762463344,0.02932551319648094,-0.44281524926686217,0.1436950146627566,-0.6070381231671554,0.15249266862170088,-0.7126099706744868,0.15249266862170088,-0.8123167155425219,0.1436950146627566,0.0,0.0,-0.08529411764705883,-0.19117647058823528,-0.2235294117647059,-0.31470588235294117,-0.36176470588235293,-0.38529411764705884,-0.4852941176470588,-0.46176470588235297,-0.5029411764705882,-0.20294117647058824,-0.6852941176470588,-0.25588235294117645,-0.8088235294117647,-0.27647058823529413,-0.9235294117647059,-0.28823529411764703,-0.5264705882352941,-0.08235294117647059,-0.7352941176470589,-0.09411764705882353,-0.8794117647058823,-0.09117647058823529,-1.0,-0.08235294117647059,-0.5029411764705882,0.03235294117647059,-0.7,0.03529411764705882,-0.8294117647058824,0.03235294117647059,-0.9411764705882353,0.029411764705882353,-0.45294117647058824,0.13823529411764707,-0.611764705882353,0.15588235294117647,-0.7205882352941176,0.1588235294117647,-0.8235294117647058,0.15,0.0,0.0,-0.08529411764705883,-0.19117647058823528,-0.22647058823529412,-0.31470588235294117,-0.36764705882352944,-0.38529411764705884,-0.4852941176470588,-0.46176470588235297,-0.5058823529411764,-0.20294117647058824,-0.6852941176470588,-0.2529411764705882,-0.8117647058823529,-0.2735294117647059,-0.9235294117647059,-0.2852941176470588,-0.5323529411764706,-0.07941176470588235,-0.7411764705882353,-0.09117647058823529,-0.8823529411764706,-0.09117647058823529,-1.0,-0.08235294117647059,-0.5088235294117647,0.03235294117647059,-0.7058823529411765,0.03529411764705882,-0.8323529411764706,0.03529411764705882,-0.9441176470588235,0.03235294117647059,-0.45294117647058824,0.13823529411764707,-0.611764705882353,0.1588235294117647,-0.7205882352941176,0.1588235294117647,-0.8235294117647058,0.15,0.0,0.0,-0.08235294117647059,-0.18823529411764706,-0.22647058823529412,-0.31470588235294117,-0.36764705882352944,-0.38235294117647056,-0.4852941176470588,-0.4588235294117647,-0.5058823529411764,-0.20294117647058824,-0.6852941176470588,-0.2529411764705882,-0.8088235294117647,-0.2735294117647059,-0.9205882352941176,-0.2823529411764706,-0.5323529411764706,-0.07941176470588235,-0.7382352941176471,-0.09117647058823529,-0.8794117647058823,-0.08823529411764706,-1.0,-0.07941176470588235,-0.5088235294117647,0.03235294117647059,-0.7029411764705882,0.03823529411764706,-0.8294117647058824,0.03823529411764706,-0.9411764705882353,0.03529411764705882,-0.45294117647058824,0.13823529411764707,-0.611764705882353,0.1588235294117647,-0.7205882352941176,0.16176470588235295,-0.8235294117647058,0.15294117647058825,0.0,0.0,-0.08504398826979472,-0.1906158357771261,-0.2287390029325513,-0.31671554252199413,-0.36950146627565983,-0.3841642228739003,-0.4868035190615836,-0.4604105571847507,-0.5073313782991202,-0.20234604105571846,-0.6862170087976539,-0.25513196480938416,-0.8093841642228738,-0.2756598240469208,-0.9178885630498533,-0.2873900293255132,-0.533724340175953,-0.08211143695014662,-0.7419354838709677,-0.09090909090909091,-0.8826979472140762,-0.08797653958944282,-1.0,-0.07917888563049853,-0.5102639296187683,0.03225806451612903,-0.7038123167155426,0.03519061583577713,-0.8328445747800587,0.03519061583577713,-0.9413489736070382,0.03225806451612903,-0.45454545454545453,0.1378299120234604,-0.6129032258064516,0.15542521994134897,-0.7214076246334311,0.15835777126099707,-0.8240469208211144,0.1495601173020528
31,0.0,0.0,-0.2268041237113402,-0.27835051546391754,-0.43986254295532645,-0.44673539518900346,-0.6323024054982818,-0.5292096219931272,-0.7766323024054983,-0.6254295532646048,-0.5738831615120275,-0.24398625429553264,-0.7800687285223368,-0.27147766323024053,-0.8900343642611683,-0.30584192439862545,-0.9828178694158075,-0.3436426116838488,-0.5876288659793815,-0.08934707903780069,-0.7766323024054983,-0.11683848797250859,-0.8865979381443299,-0.14432989690721648,-0.9621993127147767,-0.18900343642611683,-0.6013745704467354,0.054982817869415807,-0.7835051546391752,0.037800687285223365,-0.9037800687285223,0.01718213058419244,-0.9896907216494846,-0.020618556701030927,-0.5979381443298969,0.18556701030927836,-0.7972508591065293,0.1958762886597938,-0.9072164948453608,0.19243986254295534,-1.0,0.17525773195876287,0.0,0.0,-0.1168091168091168,-0.2222222222222222,-0.2905982905982906,-0.3561253561253561,-0.4415954415954416,-0.4188034188034188,-0.5584045584045584,-0.49572649572649574,-0.5584045584045584,-0.2336182336182336,-0.7293447293447294,-0.2564102564102564,-0.8461538461538461,-0.27350427350427353,-0.9544159544159544,-0.28205128205128205,-0.5954415954415955,-0.09686609686609686,-0.7692307692307693,-0.10256410256410256,-0.8803418803418803,-0.10826210826210826,-0.9743589743589743,-0.1225071225071225,-0.5982905982905983,0.03418803418803419,-0.7635327635327636,0.03133903133903134,-0.886039886039886,0.02849002849002849,-1.0,0.017094017094017096,-0.5584045584045584,0.15669515669515668,-0.7407407407407407,0.15669515669515668,-0.8518518518518519,0.15384615384615385,-0.9572649572649573,0.1339031339031339,0.0,0.0,-0.07142857142857142,-0.19642857142857142,-0.21428571428571427,-0.32142857142857145,-0.3494897959183674,-0.3852040816326531,-0.44642857142857145,-0.45153061224489793,-0.49744897959183676,-0.20408163265306123,-0.6836734693877551,-0.25,-0.8061224489795918,-0.2653061224489796,-0.9081632653061225,-0.2729591836734694,-0.5280612244897959,-0.08418367346938775,-0.7474489795918368,-0.08928571428571429,-0.8877551020408163,-0.08928571428571429,-1.0,-0.08418367346938775,-0.5153061224489796,0.02806122448979592,-0.7219387755102041,0.03316326530612245,-0.8520408163265306,0.030612244897959183,-0.9617346938775511,0.02295918367346939,-0.4642857142857143,0.13520408163265307,-0.6352040816326531,0.14795918367346939,-0.7397959183673469,0.14540816326530612,-0.8367346938775511,0.13010204081632654,0.0,0.0,-0.07124681933842239,-0.20610687022900764,-0.22137404580152673,-0.33078880407124683,-0.3638676844783715,-0.39185750636132316,-0.455470737913486,-0.4631043256997455,-0.5012722646310432,-0.20865139949109415,-0.6870229007633588,-0.25699745547073793,-0.806615776081425,-0.2748091603053435,-0.9134860050890585,-0.27989821882951654,-0.5343511450381679,-0.08651399491094147,-0.7506361323155216,-0.09923664122137404,-0.8880407124681934,-0.09414758269720101,-1.0,-0.08651399491094147,-0.5190839694656488,0.020356234096692113,-0.7251908396946565,0.022900763358778626,-0.8549618320610687,0.022900763358778626,-0.9643765903307888,0.02544529262086514,-0.4681933842239186,0.1272264631043257,-0.6361323155216285,0.14249363867684478,-0.7455470737913485,0.1450381679389313,-0.8422391857506362,0.13486005089058525,0.0,0.0,-0.06905370843989769,-0.2071611253196931,-0.21483375959079284,-0.3350383631713555,-0.36061381074168797,-0.39641943734015345,-0.45268542199488493,-0.4680306905370844,-0.49872122762148335,-0.21227621483375958,-0.6854219948849105,-0.2608695652173913,-0.8081841432225064,-0.27877237851662406,-0.9130434782608695,-0.28388746803069054,-0.5294117647058824,-0.08951406649616368,-0.7493606138107417,-0.09974424552429667,-0.887468030690537,-0.09462915601023018,-1.0,-0.08439897698209718,-0.5166240409207161,0.020460358056265986,-0.7237851662404092,0.023017902813299233,-0.8542199488491049,0.023017902813299233,-0.9641943734015346,0.02557544757033248,-0.46547314578005117,0.12531969309462915,-0.6368286445012787,0.1432225063938619,-0.7442455242966752,0.1432225063938619,-0.8439897698209718,0.13554987212276215
31,0.0,0.0,-0.20844327176781002,-0.158311345646438,-0.43007915567282323,-0.20316622691292877,-0.6306068601583114,-0.19261213720316622,-0.7810026385224275,-0.21108179419525067,-0.5118733509234829,-0.1266490765171504,-0.7097625329815304,-0.16358839050131926,-0.8284960422163589,-0.18733509234828497,-0.9366754617414248,-0.21372031662269128,-0.5092348284960422,-0.002638522427440633,-0.7255936675461742,-0.023746701846965697,-0.8733509234828496,-0.03430079155672823,-1.0,-0.052770448548812667,-0.46701846965699206,0.11873350923482849,-0.6649076517150396,0.13984168865435356,-0.7941952506596306,0.1424802110817942,-0.899736147757256,0.1266490765171504,-0.39841688654353563,0.24010554089709762,-0.5514511873350924,0.2717678100263852,-0.6569920844327177,0.27440633245382584,-0.7572559366754618,0.2612137203166227,0.0,0.0,-0.1935483870967742,-0.1532258064516129,-0.4166666666666667,-0.19623655913978494,-0.6102150537634409,-0.1827956989247312,-0.75,-0.18010752688172044,-0.49193548387096775,-0.13172043010752688,-0.6854838709677419,-0.1639784946236559,-0.8118279569892473,-0.18548387096774194,-0.9301075268817204,-0.20967741935483872,-0.4946236559139785,-0.008064516129032258,-0.7096774193548387,-0.026881720430107527,-0.8629032258064516,-0.03494623655913978,-1.0,-0.04838709677419355,-0.4543010752688172,0.11021505376344086,-0.6478494623655914,0.13172043010752688,-0.7795698924731183,0.13709677419354838,-0.8924731182795699,0.12634408602150538,-0.3817204301075269,0.22849462365591397,-0.5295698924731183,0.26344086021505375,-0.6397849462365591,0.271505376344086,-0.7473118279569892,0.26344086021505375,0.0,0.0,-0.1940700808625337,-0.1509433962264151,-0.4339622641509434,-0.19946091644204852,-0.6469002695417789,-0.19946091644204852,-0.8140161725067385,-0.215633423180593,-0.48787061994609165,-0.1347708894878706,-0.6765498652291105,-0.16172506738544473,-0.8059299191374663,-0.18059299191374664,-0.921832884097035,-0.19946091644204852,-0.49056603773584906,-0.01078167115902965,-0.7008086253369272,-0.026954177897574125,-0.8571428571428571,-0.029649595687331536,-1.0,-0.04043126684636118,-0.4474393530997305,0.1105121293800539,-0.6415094339622641,0.1320754716981132,-0.7762803234501348,0.14285714285714285,-0.8921832884097035,0.1347708894878706,-0.3746630727762803,0.23450134770889489,-0.522911051212938,0.2749326145552561,-0.633423180592992,0.2884097035040431,-0.7412398921832885,0.2857142857142857,0.0,0.0,-0.18157181571815717,-0.15447154471544716,-0.4010840108401084,-0.20596205962059622,-0.5799457994579946,-0.2032520325203252,-0.7127371273712737,-0.19241192411924118,-0.48509485094850946,-0.13821138211382114,-0.6829268292682927,-0.17615176151761516,-0.8184281842818428,-0.20596205962059622,-0.9349593495934959,-0.23306233062330622,-0.4905149051490515,-0.01084010840108401,-0.7046070460704607,-0.02168021680216802,-0.8617886178861789,-0.02981029810298103,-1.0,-0.04336043360433604,-0.44986449864498645,0.11382113821138211,-0.6422764227642277,0.14092140921409213,-0.7777777777777778,0.14634146341463414,-0.8915989159891599,0.13821138211382114,-0.37398373983739835,0.23848238482384823,-0.5230352303523035,0.28184281842818426,-0.6368563685636857,0.2981029810298103,-0.7452574525745257,0.2953929539295393,0.0,0.0,-0.18579234972677597,-0.15846994535519127,-0.4207650273224044,-0.2185792349726776,-0.6229508196721312,-0.23497267759562843,-0.7786885245901639,-0.2568306010928962,-0.5,-0.1448087431693989,-0.7021857923497268,-0.1885245901639344,-0.8333333333333334,-0.226775956284153,-0.9453551912568307,-0.2650273224043716,-0.4972677595628415,-0.01366120218579235,-0.7103825136612022,-0.030054644808743168,-0.8661202185792349,-0.04371584699453552,-1.0,-0.060109289617486336,-0.453551912568306,0.11475409836065574,-0.644808743169399,0.14207650273224043,-0.7814207650273224,0.15300546448087432,-0.8961748633879781,0.1448087431693989,-0.3743169398907104,0.24316939890710382,-0.5218579234972678,0.2923497267759563,-0.6366120218579235,0.3087431693989071,-0.7486338797814208,0.3087431693989071
31,0.0,0.0,-0.13875598086124402,-0.13636363636363635,-0.34688995215311,-0.19856459330143542,-0.5358851674641149,-0.21770334928229665,-0.6770334928229665,-0.25598086124401914,-0.5358851674641149,-0.10526315789473684,-0.6889952153110048,-0.13875598086124402,-0.7368421052631579,-0.18899521531100477,-0.7583732057416268,-0.24162679425837322,-0.5574162679425837,0.007177033492822967,-0.7703349282296651,-0.011961722488038277,-0.8899521531100478,-0.03588516746411483,-1.0,-0.06937799043062201,-0.5311004784688995,0.11244019138755981,-0.7488038277511961,0.13875598086124402,-0.8755980861244019,0.13875598086124402,-0.9856459330143541,0.11961722488038277,-0.46172248803827753,0.21770334928229665,-0.6220095693779905,0.2583732057416268,-0.7344497607655502,0.2751196172248804,-0.8397129186602871,0.2727272727272727,0.0,0.0,-0.1380952380952381,-0.12857142857142856,-0.3476190476190476,-0.18333333333333332,-0.5404761904761904,-0.19285714285714287,-0.6904761904761905,-0.2261904761904762,-0.5595238095238095,-0.10238095238095238,-0.7095238095238096,-0.13095238095238096,-0.75,-0.17142857142857143,-0.7571428571428571,-0.21428571428571427,-0.580952380952381,0.014285714285714285,-0.7738095238095238,0.0,-0.8857142857142857,-0.02142857142857143,-0.9880952380952381,-0.05238095238095238,-0.5547619047619048,0.12142857142857143,-0.7571428571428571,0.1380952380952381,-0.8857142857142857,0.13333333333333333,-1.0,0.11428571428571428,-0.4857142857142857,0.2261904761904762,-0.6404761904761904,0.2619047619047619,-0.7452380952380953,0.27380952380952384,-0.85,0.2642857142857143,0.0,0.0,-0.14218009478672985,-0.12796208530805686,-0.34360189573459715,-0.18246445497630331,-0.533175355450237,-0.1943127962085308,-0.6777251184834123,-0.23459715639810427,-0.5545023696682464,-0.0947867298578199,-0.7037914691943128,-0.12559241706161137,-0.7440758293838863,-0.17061611374407584,-0.7417061611374408,-0.22274881516587677,-0.5758293838862559,0.023696682464454975,-0.7772511848341233,0.011848341232227487,-0.8933649289099526,-0.0071090047393364926,-1.0,-0.04028436018957346,-0.5521327014218009,0.13033175355450238,-0.7559241706161137,0.15165876777251186,-0.8862559241706162,0.14928909952606634,-1.0,0.13033175355450238,-0.4834123222748815,0.23222748815165878,-0.6374407582938388,0.2725118483412322,-0.7440758293838863,0.28672985781990523,-0.8483412322274881,0.28199052132701424,0.0,0.0,-0.13194444444444445,-0.12268518518518519,-0.3287037037037037,-0.17824074074074073,-0.5115740740740741,-0.20833333333333334,-0.6481481481481481,-0.25925925925925924,-0.5439814814814815,-0.09490740740740741,-0.6990740740740741,-0.13194444444444445,-0.7476851851851852,-0.17824074074074073,-0.7592592592592593,-0.22916666666666666,-0.5671296296296297,0.020833333333333332,-0.7685185185185185,0.009259259259259259,-0.8888888888888888,-0.011574074074074073,-1.0,-0.037037037037037035,-0.5416666666666666,0.12268518518518519,-0.7430555555555556,0.14351851851851852,-0.8726851851851852,0.1412037037037037,-0.9861111111111112,0.12731481481481483,-0.4722222222222222,0.2222222222222222,-0.6226851851851852,0.26157407407407407,-0.7268518518518519,0.2777777777777778,-0.8310185185185185,0.27546296296296297,0.0,0.0,-0.11286681715575621,-0.12415349887133183,-0.3047404063205418,-0.1873589164785553,-0.4785553047404063,-0.22573363431151242,-0.6072234762979684,-0.291196388261851,-0.5214446952595937,-0.10835214446952596,-0.6930022573363431,-0.14672686230248308,-0.7945823927765236,-0.17607223476297967,-0.8826185101580135,-0.20090293453724606,-0.5485327313769752,0.004514672686230248,-0.7562076749435666,-0.006772009029345372,-0.8871331828442438,-0.01805869074492099,-1.0,-0.03160270880361174,-0.5237020316027088,0.10835214446952596,-0.7246049661399548,0.12415349887133183,-0.8487584650112867,0.12866817155756208,-0.963882618510158,0.12415349887133183,-0.45598194130925507,0.2054176072234763,-0.5981941309255079,0.24604966139954854,-0.6975169300225733,0.26636568848758463,-0.7968397291196389,0.27539503386004516
31,0.0,0.0,-0.0967741935483871,-0.12903225806451613,-0.23870967741935484,-0.2,-0.36129032258064514,-0.22903225806451613,-0.47096774193548385,-0.2903225806451613,-0.5967741935483871,-0.12258064516129032,-0.7322580645161291,-0.17419354838709677,-0.6612903225806451,-0.2129032258064516,-0.5387096774193548,-0.23870967741935484,-0.635483870967742,0.012903225806451613,-0.8419354838709677,0.0032258064516129032,-0.8838709677419355,-0.02903225806451613,-0.8741935483870967,-0.06774193548387097,-0.6129032258064516,0.13870967741935483,-0.8129032258064516,0.16774193548387098,-0.9225806451612903,0.16129032258064516,-1.0,0.13870967741935483,-0.5193548387096775,0.25483870967741934,-0.6838709677419355,0.3096774193548387,-0.7870967741935484,0.3258064516129032,-0.8741935483870967,0.3161290322580645,0.0,0.0,-0.1032258064516129,-0.12580645161290321,-0.23548387096774193,-0.1774193548387097,-0.35161290322580646,-0.22258064516129034,-0.4774193548387097,-0.25483870967741934,-0.6064516129032258,-0.11290322580645161,-0.7354838709677419,-0.16774193548387098,-0.6483870967741936,-0.19032258064516128,-0.5096774193548387,-0.2032258064516129,-0.6419354838709678,0.02258064516129032,-0.8483870967741935,0.0032258064516129032,-0.8774193548387097,-0.025806451612903226,-0.867741935483871,-0.06129032258064516,-0.6225806451612903,0.14838709677419354,-0.8193548387096774,0.16451612903225807,-0.9258064516129032,0.15483870967741936,-1.0,0.12903225806451613,-0.5419354838709678,0.2709677419354839,-0.6935483870967742,0.3096774193548387,-0.8,0.3225806451612903,-0.8935483870967742,0.31290322580645163,0.0,0.0,-0.10126582278481013,-0.12025316455696203,-0.23417721518987342,-0.17088607594936708,-0.34810126582278483,-0.2120253164556962,-0.4651898734177215,-0.2468354430379747,-0.6012658227848101,-0.0981012658227848,-0.7246835443037974,-0.1550632911392405,-0.6392405063291139,-0.18670886075949367,-0.5063291139240507,-0.20569620253164558,-0.6329113924050633,0.0379746835443038,-0.8322784810126582,0.022151898734177215,-0.8734177215189873,-0.012658227848101266,-0.8829113924050633,-0.060126582278481014,-0.6107594936708861,0.15822784810126583,-0.8037974683544303,0.18037974683544303,-0.9145569620253164,0.17405063291139242,-1.0,0.14873417721518986,-0.5284810126582279,0.27531645569620256,-0.6772151898734177,0.3227848101265823,-0.7816455696202531,0.34177215189873417,-0.8765822784810127,0.33544303797468356,0.0,0.0,-0.09287925696594428,-0.11764705882352941,-0.21981424148606812,-0.17956656346749225,-0.33126934984520123,-0.22291021671826625,-0.43653250773993807,-0.2724458204334365,-0.5851393188854489,-0.10835913312693499,-0.7306501547987616,-0.17337461300309598,-0.6501547987616099,-0.20743034055727555,-0.5232198142414861,-0.23219814241486067,-0.6160990712074303,0.02786377708978328,-0.8235294117647058,0.018575851393188854,-0.8792569659442725,-0.015479876160990712,-0.913312693498452,-0.058823529411764705,-0.5913312693498453,0.14860681114551083,-0.7925696594427245,0.16718266253869968,-0.9040247678018576,0.16408668730650156,-1.0,0.14551083591331268,-0.5108359133126935,0.26006191950464397,-0.6625386996904025,0.30959752321981426,-0.7678018575851393,0.3281733746130031,-0.8637770897832817,0.32507739938080493,0.0,0.0,-0.09146341463414634,-0.11280487804878049,-0.21341463414634146,-0.1798780487804878,-0.32926829268292684,-0.2347560975609756,-0.4054878048780488,-0.3018292682926829,-0.5853658536585366,-0.11280487804878049,-0.7591463414634146,-0.14939024390243902,-0.7713414634146342,-0.18597560975609756,-0.7042682926829268,-0.2225609756097561,-0.6097560975609756,0.027439024390243903,-0.8140243902439024,0.024390243902439025,-0.8932926829268293,0.003048780487804878,-0.9573170731707317,-0.03048780487804878,-0.5823170731707317,0.14634146341463414,-0.7804878048780488,0.1676829268292683,-0.9024390243902439,0.17378048780487804,-1.0,0.16158536585365854,-0.5,0.25914634146341464,-0.6524390243902439,0.31097560975609756,-0.7560975609756098,0.3384146341463415,-0.8567073170731707,0.3475609756097561
31,0.0,0.0,-0.17438692098092642,-0.20708446866485014,-0.4087193460490463,-0.2724795640326976,-0.6185286103542235,-0.3079019073569482,-0.7874659400544959,-0.3651226158038147,-0.5095367847411444,-0.11171662125340599,-0.6566757493188011,-0.18256130790190736,-0.7438692098092643,-0.25340599455040874,-0.8174386920980926,-0.31607629427792916,-0.5340599455040872,0.0,-0.7493188010899182,-0.02997275204359673,-0.8801089918256131,-0.05449591280653951,-1.0,-0.08719346049046321,-0.5313351498637602,0.11716621253405994,-0.7493188010899182,0.09264305177111716,-0.8746594005449592,0.07901907356948229,-0.9809264305177112,0.05722070844686648,-0.5040871934604905,0.23160762942779292,-0.6757493188010899,0.21798365122615804,-0.784741144414169,0.20435967302452315,-0.885558583106267,0.1880108991825613,0.0,0.0,-0.1745152354570637,-0.2077562326869806,-0.39335180055401664,-0.28254847645429365,-0.590027700831025,-0.3157894736842105,-0.7506925207756233,-0.3573407202216066,-0.46814404432132967,-0.10526315789473684,-0.6260387811634349,-0.16897506925207756,-0.7174515235457064,-0.24653739612188366,-0.7950138504155124,-0.32132963988919666,-0.5041551246537396,0.008310249307479225,-0.7229916897506925,-0.027700831024930747,-0.8698060941828255,-0.05817174515235457,-1.0,-0.09418282548476455,-0.5096952908587258,0.12188365650969529,-0.7229916897506925,0.09695290858725762,-0.8642659279778393,0.06925207756232687,-0.9806094182825484,0.036011080332409975,-0.48753462603878117,0.23545706371191136,-0.6565096952908587,0.21606648199445982,-0.7728531855955678,0.19667590027700832,-0.8725761772853186,0.17174515235457063,0.0,0.0,-0.17222222222222222,-0.21388888888888888,-0.3861111111111111,-0.28888888888888886,-0.5805555555555556,-0.3194444444444444,-0.7444444444444445,-0.3611111111111111,-0.4583333333333333,-0.10555555555555556,-0.6166666666666667,-0.17222222222222222,-0.7138888888888889,-0.24722222222222223,-0.7944444444444444,-0.3194444444444444,-0.49722222222222223,0.005555555555555556,-0.7166666666666667,-0.030555555555555555,-0.8666666666666667,-0.06111111111111111,-1.0,-0.1,-0.5,0.12222222222222222,-0.7194444444444444,0.1,-0.8611111111111112,0.075,-0.9833333333333333,0.03888888888888889,-0.48055555555555557,0.2361111111111111,-0.6555555555555556,0.21666666666666667,-0.7722222222222223,0.19444444444444445,-0.875,0.16666666666666666,0.0,0.0,-0.17355371900826447,-0.21212121212121213,-0.3856749311294766,-0.2892561983471074,-0.5757575757575758,-0.325068870523416,-0.7382920110192838,-0.3691460055096419,-0.4628099173553719,-0.1046831955922865,-0.6225895316804407,-0.17079889807162535,-0.7162534435261708,-0.25068870523415976,-0.7878787878787878,-0.325068870523416,-0.5013774104683195,0.005509641873278237,-0.71900826446281,-0.030303030303030304,-0.8677685950413223,-0.05785123966942149,-1.0,-0.09366391184573003,-0.5041322314049587,0.1184573002754821,-0.721763085399449,0.09641873278236915,-0.859504132231405,0.0743801652892562,-0.9807162534435262,0.04132231404958678,-0.48484848484848486,0.23415977961432508,-0.6584022038567493,0.21212121212121213,-0.7713498622589532,0.1928374655647383,-0.8732782369146006,0.1652892561983471,0.0,0.0,-0.1652892561983471,-0.21212121212121213,-0.38016528925619836,-0.29476584022038566,-0.5647382920110193,-0.33884297520661155,-0.7162534435261708,-0.4049586776859504,-0.47107438016528924,-0.09641873278236915,-0.6336088154269972,-0.1652892561983471,-0.7327823691460055,-0.24517906336088155,-0.8154269972451791,-0.31955922865013775,-0.509641873278237,0.011019283746556474,-0.7272727272727273,-0.02203856749311295,-0.8732782369146006,-0.05234159779614325,-1.0,-0.08539944903581267,-0.5151515151515151,0.12396694214876033,-0.7272727272727273,0.09917355371900827,-0.8622589531680441,0.07713498622589532,-0.977961432506887,0.049586776859504134,-0.4903581267217631,0.23415977961432508,-0.6666666666666666,0.21487603305785125,-0.7796143250688705,0.19559228650137742,-0.8787878787878788,0.16804407713498623
31,0.0,0.0,-0.15606936416184972,-0.15028901734104047,-0.32947976878612717,-0.22254335260115607,-0.4393063583815029,-0.30057803468208094,-0.5491329479768786,-0.3699421965317919,-0.5953757225433526,-0.0838150289017341,-0.7601156069364162,-0.17052023121387283,-0.6936416184971098,-0.27167630057803466,-0.5867052023121387,-0.34971098265895956,-0.5780346820809249,0.008670520231213872,-0.791907514450867,-0.017341040462427744,-0.9017341040462428,-0.06647398843930635,-1.0,-0.11849710982658959,-0.5,0.0953757225433526,-0.7052023121387283,0.0953757225433526,-0.8352601156069365,0.07803468208092486,-0.9479768786127167,0.049132947976878616,-0.3815028901734104,0.1791907514450867,-0.5346820809248555,0.18786127167630057,-0.6589595375722543,0.18786127167630057,-0.7774566473988439,0.1791907514450867,0.0,0.0,-0.16034985422740525,-0.15160349854227406,-0.33819241982507287,-0.23615160349854228,-0.46647230320699706,-0.3119533527696793,-0.5889212827988338,-0.37026239067055394,-0.5947521865889213,-0.08163265306122448,-0.7696793002915452,-0.15743440233236153,-0.7142857142857143,-0.2565597667638484,-0.6209912536443148,-0.33819241982507287,-0.5801749271137027,0.014577259475218658,-0.7959183673469388,-0.014577259475218658,-0.9037900874635568,-0.05830903790087463,-1.0,-0.10787172011661808,-0.5043731778425656,0.09912536443148688,-0.7142857142857143,0.08746355685131195,-0.8425655976676385,0.0641399416909621,-0.956268221574344,0.03206997084548105,-0.3848396501457726,0.17784256559766765,-0.5451895043731778,0.18075801749271136,-0.6647230320699709,0.17784256559766765,-0.7784256559766763,0.17201166180758018,0.0,0.0,-0.1588235294117647,-0.15294117647058825,-0.3382352941176471,-0.23823529411764705,-0.4676470588235294,-0.3176470588235294,-0.5882352941176471,-0.3735294117647059,-0.5970588235294118,-0.08529411764705883,-0.7735294117647059,-0.16176470588235295,-0.7147058823529412,-0.26176470588235295,-0.6147058823529412,-0.3411764705882353,-0.5852941176470589,0.014705882352941176,-0.8,-0.014705882352941176,-0.9088235294117647,-0.058823529411764705,-1.0,-0.10882352941176471,-0.5088235294117647,0.10294117647058823,-0.7205882352941176,0.09117647058823529,-0.85,0.06764705882352941,-0.961764705882353,0.03823529411764706,-0.38823529411764707,0.18235294117647058,-0.5470588235294118,0.18529411764705883,-0.6676470588235294,0.18235294117647058,-0.7823529411764706,0.17647058823529413,0.0,0.0,-0.1592920353982301,-0.15634218289085547,-0.336283185840708,-0.2448377581120944,-0.45722713864306785,-0.3274336283185841,-0.5722713864306784,-0.3864306784660767,-0.5988200589970502,-0.09144542772861357,-0.775811209439528,-0.17404129793510326,-0.7138643067846607,-0.2743362831858407,-0.616519174041298,-0.35398230088495575,-0.5870206489675516,0.008849557522123894,-0.799410029498525,-0.02064896755162242,-0.9085545722713865,-0.06489675516224189,-1.0,-0.11504424778761062,-0.5073746312684366,0.09734513274336283,-0.7197640117994101,0.0855457227138643,-0.8466076696165191,0.06489675516224189,-0.9587020648967551,0.035398230088495575,-0.3834808259587021,0.17994100294985252,-0.5457227138643068,0.18289085545722714,-0.6666666666666666,0.17994100294985252,-0.7817109144542773,0.1710914454277286,0.0,0.0,-0.14912280701754385,-0.1608187134502924,-0.3128654970760234,-0.24853801169590642,-0.41812865497076024,-0.32456140350877194,-0.5146198830409356,-0.40058479532163743,-0.5877192982456141,-0.09941520467836257,-0.7719298245614035,-0.16374269005847952,-0.7222222222222222,-0.2631578947368421,-0.6374269005847953,-0.34502923976608185,-0.5672514619883041,0.0,-0.783625730994152,-0.02046783625730994,-0.9005847953216374,-0.06432748538011696,-1.0,-0.1111111111111111,-0.4853801169590643,0.08771929824561403,-0.6988304093567251,0.08187134502923976,-0.827485380116959,0.06432748538011696,-0.9415204678362573,0.038011695906432746,-0.3654970760233918,0.1695906432748538,-0.5321637426900585,0.17543859649122806,-0.652046783625731,0.17251461988304093,-0.7660818713450293,0.16374269005847952
31,0.0,0.0,-0.1694560669456067,-0.13598326359832635,-0.3619246861924686,-0.1903765690376569,-0.5062761506276151,-0.24267782426778242,-0.6338912133891214,-0.301255230125523,-0.5439330543933054,-0.0502092050209205,-0.698744769874477,-0.11297071129707113,-0.7071129707112971,-0.200836820083682,-0.6820083682008368,-0.2824267782426778,-0.5502092050209205,0.029288702928870293,-0.7615062761506276,0.0020920502092050207,-0.8891213389121339,-0.03765690376569038,-1.0,-0.07322175732217573,-0.5083682008368201,0.10460251046025104,-0.7154811715481172,0.09623430962343096,-0.8472803347280334,0.07531380753138076,-0.9560669456066946,0.05230125523012552,-0.4309623430962343,0.1799163179916318,-0.5920502092050209,0.17782426778242677,-0.7071129707112971,0.17364016736401675,-0.8096234309623431,0.16736401673640167,0.0,0.0,-0.1752136752136752,-0.14316239316239315,-0.36324786324786323,-0.20085470085470086,-0.5128205128205128,-0.25427350427350426,-0.6495726495726496,-0.297008547008547,-0.5491452991452992,-0.049145299145299144,-0.7051282051282052,-0.10897435897435898,-0.7115384615384616,-0.1987179487179487,-0.6752136752136753,-0.2777777777777778,-0.5555555555555556,0.03418803418803419,-0.7585470085470085,0.00641025641025641,-0.8888888888888888,-0.029914529914529916,-1.0,-0.0641025641025641,-0.5128205128205128,0.11324786324786325,-0.7200854700854701,0.09615384615384616,-0.8547008547008547,0.07905982905982906,-0.967948717948718,0.057692307692307696,-0.43803418803418803,0.19017094017094016,-0.5982905982905983,0.1858974358974359,-0.7094017094017094,0.18162393162393162,-0.8141025641025641,0.17094017094017094,0.0,0.0,-0.16989247311827957,-0.14193548387096774,-0.36129032258064514,-0.2021505376344086,-0.5118279569892473,-0.25591397849462366,-0.6473118279569893,-0.2989247311827957,-0.5483870967741935,-0.04946236559139785,-0.7075268817204301,-0.10752688172043011,-0.7139784946236559,-0.2,-0.6774193548387096,-0.27741935483870966,-0.5548387096774193,0.034408602150537634,-0.7569892473118279,0.0064516129032258064,-0.8881720430107527,-0.03225806451612903,-1.0,-0.06666666666666667,-0.5118279569892473,0.11397849462365592,-0.7204301075268817,0.0989247311827957,-0.8559139784946237,0.07956989247311828,-0.9698924731182795,0.05806451612903226,-0.4344086021505376,0.1913978494623656,-0.5956989247311828,0.1870967741935484,-0.7075268817204301,0.1827956989247312,-0.8129032258064516,0.17204301075268819,0.0,0.0,-0.16666666666666666,-0.14102564102564102,-0.3611111111111111,-0.19658119658119658,-0.5042735042735043,-0.24786324786324787,-0.6303418803418803,-0.3055555555555556,-0.5448717948717948,-0.042735042735042736,-0.7051282051282052,-0.10683760683760683,-0.7029914529914529,-0.202991452991453,-0.6645299145299145,-0.2841880341880342,-0.5491452991452992,0.03632478632478633,-0.7521367521367521,0.010683760683760684,-0.8846153846153846,-0.02564102564102564,-1.0,-0.057692307692307696,-0.5042735042735043,0.11538461538461539,-0.7136752136752137,0.10042735042735043,-0.8482905982905983,0.08333333333333333,-0.9636752136752137,0.0641025641025641,-0.4252136752136752,0.19017094017094016,-0.5854700854700855,0.18803418803418803,-0.6987179487179487,0.18376068376068377,-0.8034188034188035,0.17307692307692307,0.0,0.0,-0.15565031982942432,-0.14498933901918976,-0.34754797441364604,-0.2068230277185501,-0.488272921108742,-0.26439232409381663,-0.6012793176972282,-0.3304904051172708,-0.5394456289978679,-0.053304904051172705,-0.7142857142857143,-0.11300639658848614,-0.7292110874200426,-0.20042643923240938,-0.6993603411513859,-0.27505330490405117,-0.5437100213219617,0.02771855010660981,-0.7547974413646056,0.006396588486140725,-0.8912579957356077,-0.02771855010660981,-1.0,-0.057569296375266525,-0.4989339019189765,0.10660980810234541,-0.7100213219616205,0.09808102345415778,-0.8464818763326226,0.07889125799573561,-0.9573560767590619,0.05970149253731343,-0.42217484008528783,0.1812366737739872,-0.582089552238806,0.18336886993603413,-0.6950959488272921,0.17484008528784648,-0.7995735607675906,0.16204690831556504
31,0.0,0.0,-0.012953367875647668,-0.20207253886010362,-0.12176165803108809,-0.4119170984455959,-0.23056994818652848,-0.533678756476684,-0.34196891191709844,-0.49740932642487046,-0.5077720207253886,-0.34974093264248707,-0.6347150259067358,-0.45595854922279794,-0.5440414507772021,-0.4896373056994819,-0.4326424870466321,-0.48704663212435234,-0.5854922279792746,-0.23575129533678757,-0.7668393782383419,-0.3134715025906736,-0.8290155440414507,-0.3911917098445596,-0.883419689119171,-0.46632124352331605,-0.6139896373056994,-0.10880829015544041,-0.805699481865285,-0.14766839378238342,-0.917098445595855,-0.19430051813471502,-1.0,-0.24611398963730569,-0.5854922279792746,0.02849740932642487,-0.7642487046632125,0.025906735751295335,-0.8860103626943006,0.025906735751295335,-0.9974093264248705,0.015544041450777202,0.0,0.0,-0.027918781725888325,-0.20304568527918782,-0.12944162436548223,-0.39847715736040606,-0.22588832487309646,-0.5329949238578681,-0.3401015228426396,-0.5177664974619289,-0.5,-0.33756345177664976,-0.631979695431472,-0.44416243654822335,-0.5380710659898477,-0.4796954314720812,-0.42385786802030456,-0.48223350253807107,-0.5761421319796954,-0.23096446700507614,-0.7563451776649747,-0.31218274111675126,-0.8324873096446701,-0.383248730964467,-0.8934010152284264,-0.4517766497461929,-0.6040609137055838,-0.1116751269035533,-0.7969543147208121,-0.15228426395939088,-0.9111675126903553,-0.19543147208121828,-1.0,-0.2436548223350254,-0.5812182741116751,0.015228426395939087,-0.7563451776649747,0.017766497461928935,-0.8756345177664975,0.025380710659898477,-0.9822335025380711,0.015228426395939087,0.0,0.0,-0.02195121951219512,-0.1926829268292683,-0.1,-0.3926829268292683,-0.17804878048780487,-0.5317073170731708,-0.25853658536585367,-0.5195121951219512,-0.48292682926829267,-0.32926829268292684,-0.6170731707317073,-0.44634146341463415,-0.5463414634146342,-0.48292682926829267,-0.43414634146341463,-0.47317073170731705,-0.5560975609756098,-0.21951219512195122,-0.7463414634146341,-0.3121951219512195,-0.8341463414634146,-0.36829268292682926,-0.9146341463414634,-0.4195121951219512,-0.5780487804878048,-0.1048780487804878,-0.775609756097561,-0.14634146341463414,-0.9,-0.18048780487804877,-1.0,-0.2146341463414634,-0.5487804878048781,0.02195121951219512,-0.7195121951219512,0.03902439024390244,-0.8341463414634146,0.04878048780487805,-0.9365853658536586,0.046341463414634146,0.0,0.0,0.002352941176470588,-0.21176470588235294,-0.0611764705882353,-0.4,-0.11294117647058824,-0.5529411764705883,-0.13176470588235295,-0.6141176470588235,-0.4588235294117647,-0.3458823529411765,-0.5882352941176471,-0.4423529411764706,-0.668235294117647,-0.4988235294117647,-0.7247058823529412,-0.5317647058823529,-0.5364705882352941,-0.22588235294117648,-0.7364705882352941,-0.2964705882352941,-0.851764705882353,-0.3411764705882353,-0.9552941176470588,-0.3764705882352941,-0.56,-0.10352941176470588,-0.7647058823529411,-0.12941176470588237,-0.8870588235294118,-0.15529411764705883,-1.0,-0.17882352941176471,-0.5341176470588235,0.018823529411764704,-0.6988235294117647,0.047058823529411764,-0.8070588235294117,0.06588235294117648,-0.9105882352941177,0.06823529411764706,0.0,0.0,-0.002320185614849188,-0.2088167053364269,-0.060324825986078884,-0.3874709976798144,-0.10672853828306264,-0.5266821345707656,-0.10904872389791183,-0.6519721577726219,-0.48259860788863107,-0.33410672853828305,-0.6589327146171694,-0.4176334106728538,-0.7494199535962877,-0.46867749419953597,-0.8236658932714617,-0.5150812064965197,-0.5498839907192575,-0.2088167053364269,-0.7610208816705336,-0.25754060324825984,-0.888631090487239,-0.2900232018561485,-0.988399071925754,-0.31322505800464034,-0.5568445475638051,-0.08584686774941995,-0.7633410672853829,-0.10208816705336426,-0.888631090487239,-0.10904872389791183,-1.0,-0.12064965197215777,-0.5127610208816705,0.037122969837587005,-0.6774941995359629,0.06960556844547564,-0.7865429234338747,0.09280742459396751,-0.8909512761020881,0.10208816705336426
31,0.0,0.0,-0.11764705882352941,-0.2440087145969499,-0.28540305010893247,-0.44880174291938996,-0.477124183006536,-0.5708061002178649,-0.6361655773420479,-0.5272331154684096,-0.514161220043573,-0.3485838779956427,-0.6492374727668845,-0.4095860566448802,-0.7145969498910676,-0.46405228758169936,-0.7625272331154684,-0.5032679738562091,-0.5860566448801743,-0.2178649237472767,-0.7472766884531591,-0.28104575163398693,-0.8213507625272332,-0.3333333333333333,-0.8976034858387799,-0.39651416122004357,-0.6318082788671024,-0.09586056644880174,-0.7843137254901961,-0.12854030501089325,-0.8910675381263616,-0.1655773420479303,-0.9782135076252724,-0.2047930283224401,-0.6361655773420479,0.034858387799564274,-0.8148148148148148,0.026143790849673203,-0.9172113289760349,0.023965141612200435,-1.0,0.013071895424836602,0.0,0.0,-0.05394190871369295,-0.22199170124481327,-0.1950207468879668,-0.4024896265560166,-0.3630705394190871,-0.5145228215767634,-0.5124481327800829,-0.47717842323651455,-0.4730290456431535,-0.3153526970954357,-0.6078838174273858,-0.3755186721991701,-0.6410788381742739,-0.42531120331950206,-0.6286307053941909,-0.45643153526970953,-0.5414937759336099,-0.1991701244813278,-0.7365145228215768,-0.27593360995850624,-0.8547717842323651,-0.3236514522821577,-0.970954356846473,-0.3755186721991701,-0.5663900414937759,-0.08298755186721991,-0.7655601659751037,-0.12033195020746888,-0.8941908713692946,-0.14937759336099585,-1.0,-0.18049792531120332,-0.5456431535269709,0.04979253112033195,-0.7136929460580913,0.05394190871369295,-0.8236514522821576,0.05186721991701245,-0.9190871369294605,0.043568464730290454,0.0,0.0,-0.04184100418410042,-0.2196652719665272,-0.16736401673640167,-0.4100418410041841,-0.3263598326359833,-0.5376569037656904,-0.46443514644351463,-0.5062761506276151,-0.47489539748953974,-0.30962343096234307,-0.6234309623430963,-0.38493723849372385,-0.6694560669456067,-0.4330543933054393,-0.6673640167364017,-0.46234309623430964,-0.5439330543933054,-0.18828451882845187,-0.7594142259414226,-0.26569037656903766,-0.8807531380753139,-0.3117154811715481,-0.9874476987447699,-0.3598326359832636,-0.5690376569037657,-0.06903765690376569,-0.7761506276150628,-0.10251046025104603,-0.9016736401673641,-0.13179916317991633,-1.0,-0.16317991631799164,-0.5523012552301255,0.06276150627615062,-0.7092050209205021,0.0794979079497908,-0.8138075313807531,0.08786610878661087,-0.9058577405857741,0.08577405857740586,0.0,0.0,-0.024489795918367346,-0.22653061224489796,-0.10612244897959183,-0.4306122448979592,-0.22244897959183674,-0.573469387755102,-0.3469387755102041,-0.5816326530612245,-0.47551020408163264,-0.32040816326530613,-0.6428571428571429,-0.4142857142857143,-0.753061224489796,-0.463265306122449,-0.8387755102040816,-0.4959183673469388,-0.5448979591836735,-0.19795918367346937,-0.7612244897959184,-0.25918367346938775,-0.8918367346938776,-0.29183673469387755,-1.0,-0.3183673469387755,-0.5653061224489796,-0.07142857142857142,-0.7673469387755102,-0.09183673469387756,-0.8857142857142857,-0.11020408163265306,-0.9857142857142858,-0.12653061224489795,-0.5408163265306123,0.05714285714285714,-0.6938775510204082,0.08571428571428572,-0.7959183673469388,0.10408163265306122,-0.8857142857142857,0.10816326530612246,0.0,0.0,-0.025490196078431372,-0.23529411764705882,-0.10784313725490197,-0.4235294117647059,-0.20980392156862746,-0.5666666666666667,-0.30980392156862746,-0.6666666666666666,-0.5058823529411764,-0.3156862745098039,-0.6843137254901961,-0.39019607843137255,-0.792156862745098,-0.43137254901960786,-0.8803921568627451,-0.46078431372549017,-0.5647058823529412,-0.18627450980392157,-0.7745098039215687,-0.22549019607843138,-0.8980392156862745,-0.24901960784313726,-1.0,-0.2647058823529412,-0.5725490196078431,-0.060784313725490195,-0.7666666666666667,-0.07058823529411765,-0.8784313725490196,-0.07647058823529412,-0.9745098039215686,-0.0803921568627451,-0.5392156862745098,0.06274509803921569,-0.6901960784313725,0.09411764705882353,-0.7862745098039216,0.11568627450980393,-0.8764705882352941,0.12549019607843137
31,0.0,0.0,-0.061601642710472276,-0.20739219712525667,-0.17864476386036962,-0.3860369609856263,-0.3182751540041068,-0.48254620123203285,-0.433264887063655,-0.45790554414784396,-0.49691991786447637,-0.26899383983572894,-0.6673511293634496,-0.33880903490759756,-0.7700205338809035,-0.36960985626283366,-0.8562628336755647,-0.38809034907597534,-0.5482546201232033,-0.14784394250513347,-0.7720739219712526,-0.18275154004106775,-0.8973305954825462,-0.19917864476386038,-1.0,-0.21149897330595482,-0.5503080082135524,-0.028747433264887063,-0.7535934291581109,-0.024640657084188913,-0.8726899383983573,-0.026694045174537988,-0.9671457905544147,-0.03285420944558522,-0.5092402464065708,0.09240246406570841,-0.6570841889117043,0.13552361396303902,-0.7515400410677618,0.162217659137577,-0.839835728952772,0.17659137577002054,0.0,0.0,-0.058704453441295545,-0.20242914979757085,-0.16194331983805668,-0.3684210526315789,-0.2793522267206478,-0.4797570850202429,-0.3785425101214575,-0.5668016194331984,-0.5222672064777328,-0.2550607287449393,-0.7044534412955465,-0.3097165991902834,-0.8137651821862348,-0.3319838056680162,-0.9068825910931174,-0.3481781376518219,-0.5647773279352226,-0.12550607287449392,-0.7753036437246964,-0.1437246963562753,-0.8987854251012146,-0.14979757085020243,-1.0,-0.15384615384615385,-0.5546558704453441,-0.004048582995951417,-0.742914979757085,0.010121457489878543,-0.8582995951417004,0.018218623481781375,-0.9574898785425101,0.020242914979757085,-0.5020242914979757,0.11336032388663968,-0.6437246963562753,0.16194331983805668,-0.7388663967611336,0.19230769230769232,-0.8279352226720648,0.2125506072874494,0.0,0.0,-0.060903732809430254,-0.206286836935167,-0.16699410609037327,-0.36738703339882123,-0.27897838899803534,-0.48330058939096265,-0.3654223968565815,-0.5834970530451866,-0.5343811394891945,-0.23772102161100198,-0.7190569744597249,-0.28487229862475444,-0.8290766208251473,-0.29862475442043224,-0.9233791748526523,-0.30648330058939094,-0.5697445972495089,-0.10609037328094302,-0.7760314341846758,-0.11787819253438114,-0.899803536345776,-0.11787819253438114,-1.0,-0.11787819253438114,-0.5520628683693517,0.0137524557956778,-0.7406679764243614,0.029469548133595286,-0.8546168958742633,0.0412573673870334,-0.9528487229862476,0.047151277013752456,-0.4950884086444008,0.12573673870333987,-0.6365422396856582,0.17485265225933203,-0.730844793713163,0.206286836935167,-0.8212180746561886,0.22593320235756384,0.0,0.0,-0.06165703275529865,-0.20423892100192678,-0.16955684007707128,-0.3622350674373796,-0.2813102119460501,-0.48554913294797686,-0.3699421965317919,-0.5876685934489403,-0.535645472061657,-0.23121387283236994,-0.7186897880539499,-0.2774566473988439,-0.8304431599229287,-0.28901734104046245,-0.9210019267822736,-0.2947976878612717,-0.5684007707129094,-0.1001926782273603,-0.7784200385356455,-0.11368015414258188,-0.8998073217726397,-0.11368015414258188,-1.0,-0.11560693641618497,-0.5529865125240848,0.019267822736030827,-0.74373795761079,0.03275529865125241,-0.8554913294797688,0.04046242774566474,-0.9518304431599229,0.046242774566473986,-0.49710982658959535,0.13102119460500963,-0.6396917148362236,0.17341040462427745,-0.7321772639691715,0.20423892100192678,-0.8169556840077071,0.2254335260115607,0.0,0.0,-0.055984555984555984,-0.20656370656370657,-0.1640926640926641,-0.37065637065637064,-0.27413127413127414,-0.5,-0.3590733590733591,-0.6042471042471043,-0.5308880308880309,-0.2413127413127413,-0.7142857142857143,-0.29343629343629346,-0.8262548262548263,-0.305019305019305,-0.916988416988417,-0.3108108108108108,-0.5675675675675675,-0.11196911196911197,-0.777992277992278,-0.12934362934362933,-0.8996138996138996,-0.13127413127413126,-1.0,-0.13127413127413126,-0.5540540540540541,0.009652509652509652,-0.747104247104247,0.017374517374517374,-0.861003861003861,0.025096525096525095,-0.9594594594594594,0.02895752895752896,-0.5,0.12548262548262548,-0.6428571428571429,0.16795366795366795,-0.7355212355212355,0.19498069498069498,-0.8223938223938224,0.21042471042471042
31,0.0,0.0,-0.18518518518518517,-0.3602693602693603,-0.3939393939393939,-0.5589225589225589,-0.632996632996633,-0.6632996632996633,-0.8215488215488216,-0.7306397306397306,-0.45791245791245794,-0.3838383838383838,-0.6936026936026936,-0.5050505050505051,-0.8484848484848485,-0.5420875420875421,-0.9966329966329966,-0.5622895622895623,-0.49158249158249157,-0.18518518518518517,-0.7205387205387206,-0.24579124579124578,-0.8720538720538721,-0.2760942760942761,-1.0,-0.3164983164983165,-0.4882154882154882,0.006734006734006734,-0.6801346801346801,-0.016835016835016835,-0.7946127946127947,-0.03367003367003367,-0.8956228956228957,-0.06397306397306397,-0.4511784511784512,0.19865319865319866,-0.5858585858585859,0.23905723905723905,-0.6734006734006734,0.26936026936026936,-0.7508417508417509,0.2828282828282828,0.0,0.0,-0.140893470790378,-0.3539518900343643,-0.3951890034364261,-0.5945017182130584,-0.6494845360824743,-0.7353951890034365,-0.8591065292096219,-0.8350515463917526,-0.5051546391752577,-0.3642611683848797,-0.7319587628865979,-0.46735395189003437,-0.872852233676976,-0.5017182130584192,-1.0,-0.5154639175257731,-0.5498281786941581,-0.16151202749140894,-0.7594501718213058,-0.18900343642611683,-0.8969072164948454,-0.19931271477663232,-1.0,-0.2027491408934708,-0.5429553264604811,0.030927835051546393,-0.7319587628865979,0.044673539518900345,-0.8384879725085911,0.030927835051546393,-0.9140893470790378,0.024054982817869417,-0.4845360824742268,0.20962199312714777,-0.6288659793814433,0.27147766323024053,-0.7216494845360825,0.30927835051546393,-0.7938144329896907,0.3402061855670103,0.0,0.0,-0.11458333333333333,-0.3923611111111111,-0.3368055555555556,-0.6493055555555556,-0.5798611111111112,-0.8263888888888888,-0.8055555555555556,-0.9409722222222222,-0.53125,-0.3888888888888889,-0.7361111111111112,-0.4722222222222222,-0.8541666666666666,-0.5,-0.9340277777777778,-0.5034722222222222,-0.5625,-0.18055555555555555,-0.7743055555555556,-0.19791666666666666,-0.90625,-0.2048611111111111,-1.0,-0.2048611111111111,-0.5590277777777778,0.013888888888888888,-0.7534722222222222,0.04513888888888889,-0.8506944444444444,0.03819444444444445,-0.9305555555555556,0.027777777777777776,-0.5104166666666666,0.21875,-0.6493055555555556,0.2743055555555556,-0.7465277777777778,0.3090277777777778,-0.8159722222222222,0.3298611111111111,0.0,0.0,-0.12237762237762238,-0.43356643356643354,-0.3146853146853147,-0.6888111888111889,-0.5174825174825175,-0.8706293706293706,-0.7342657342657343,-0.9965034965034965,-0.534965034965035,-0.3951048951048951,-0.7202797202797203,-0.4755244755244755,-0.8286713286713286,-0.5,-0.8916083916083916,-0.5034965034965035,-0.5699300699300699,-0.17832167832167833,-0.7832167832167832,-0.19230769230769232,-0.9125874125874126,-0.2062937062937063,-1.0,-0.2202797202797203,-0.5629370629370629,0.02097902097902098,-0.7587412587412588,0.055944055944055944,-0.8566433566433567,0.045454545454545456,-0.9370629370629371,0.02097902097902098,-0.5244755244755245,0.23076923076923078,-0.6538461538461539,0.2902097902097902,-0.7447552447552448,0.32167832167832167,-0.8146853146853147,0.33916083916083917,0.0,0.0,-0.12585034013605442,-0.43537414965986393,-0.29591836734693877,-0.6904761904761905,-0.48639455782312924,-0.8741496598639455,-0.6904761904761905,-1.0,-0.5204081632653061,-0.4013605442176871,-0.6938775510204082,-0.48299319727891155,-0.7993197278911565,-0.5102040816326531,-0.8605442176870748,-0.5170068027210885,-0.5578231292517006,-0.19387755102040816,-0.7585034013605442,-0.20408163265306123,-0.891156462585034,-0.22108843537414966,-0.9795918367346939,-0.22789115646258504,-0.5544217687074829,0.006802721088435374,-0.7414965986394558,0.034013605442176874,-0.8367346938775511,0.023809523809523808,-0.9183673469387755,0.003401360544217687,-0.5238095238095238,0.2108843537414966,-0.6530612244897959,0.2687074829931973,-0.7312925170068028,0.2925170068027211,-0.7891156462585034,0.30272108843537415
31,0.0,0.0,-0.017994858611825194,-0.18251928020565553,-0.08226221079691516,-0.34190231362467866,-0.14910025706940874,-0.44473007712082263,-0.20308483290488433,-0.4755784061696658,-0.480719794344473,-0.2879177377892031,-0.622107969151671,-0.35732647814910024,-0.6915167095115681,-0.39331619537275064,-0.7275064267352185,-0.4087403598971722,-0.5475578406169666,-0.15424164524421594,-0.7583547557840618,-0.1953727506426735,-0.8817480719794345,-0.2236503856041131,-0.9897172236503856,-0.2467866323907455,-0.5526992287917738,-0.02313624678663239,-0.7609254498714653,-0.02570694087403599,-0.8868894601542416,-0.030848329048843187,-1.0,-0.04113110539845758,-0.4987146529562982,0.10539845758354756,-0.6632390745501285,0.15681233933161953,-0.7712082262210797,0.18766066838046272,-0.8740359897172236,0.20308483290488433,0.0,0.0,-0.019656019656019656,-0.1769041769041769,-0.08108108108108109,-0.32923832923832924,-0.12530712530712532,-0.44963144963144963,-0.13022113022113022,-0.5700245700245701,-0.48402948402948404,-0.2727272727272727,-0.6609336609336609,-0.33415233415233414,-0.769041769041769,-0.36609336609336607,-0.8624078624078624,-0.3882063882063882,-0.5405405405405406,-0.1375921375921376,-0.7592137592137592,-0.16216216216216217,-0.8918918918918919,-0.17444717444717445,-1.0,-0.18181818181818182,-0.5356265356265356,-0.007371007371007371,-0.7395577395577395,0.002457002457002457,-0.8648648648648649,0.012285012285012284,-0.9803439803439803,0.0171990171990172,-0.47665847665847666,0.11547911547911548,-0.6339066339066339,0.16707616707616707,-0.7346437346437347,0.20393120393120392,-0.8353808353808354,0.22604422604422605,0.0,0.0,-0.0332541567695962,-0.18527315914489312,-0.11163895486935867,-0.342042755344418,-0.15676959619952494,-0.4679334916864608,-0.15914489311163896,-0.5866983372921615,-0.49406175771971494,-0.24703087885985747,-0.6817102137767221,-0.3016627078384798,-0.8004750593824228,-0.3254156769596199,-0.9073634204275535,-0.342042755344418,-0.5368171021377672,-0.11163895486935867,-0.7553444180522565,-0.12114014251781473,-0.8907363420427553,-0.12351543942992874,-1.0,-0.12114014251781473,-0.5225653206650831,0.014251781472684086,-0.7220902612826603,0.030878859857482184,-0.8479809976247031,0.04513064133016627,-0.9596199524940617,0.05463182897862233,-0.46080760095011875,0.13064133016627077,-0.6175771971496437,0.1876484560570071,-0.7197149643705463,0.22565320665083136,-0.8194774346793349,0.24703087885985747,0.0,0.0,-0.03747072599531616,-0.1920374707259953,-0.12646370023419204,-0.351288056206089,-0.18969555035128804,-0.48009367681498827,-0.1920374707259953,-0.594847775175644,-0.4918032786885246,-0.24121779859484777,-0.6838407494145199,-0.2927400468384075,-0.8056206088992974,-0.3161592505854801,-0.9156908665105387,-0.3325526932084309,-0.531615925058548,-0.11007025761124122,-0.747072599531616,-0.12177985948477751,-0.8852459016393442,-0.12646370023419204,-1.0,-0.12646370023419204,-0.5152224824355972,0.01405152224824356,-0.7142857142857143,0.03278688524590164,-0.8430913348946136,0.04449648711943794,-0.9578454332552693,0.05152224824355972,-0.45433255269320844,0.1288056206088993,-0.6112412177985949,0.18266978922716628,-0.7142857142857143,0.22014051522248243,-0.8149882903981265,0.24121779859484777,0.0,0.0,-0.03488372093023256,-0.1930232558139535,-0.12790697674418605,-0.3558139534883721,-0.19534883720930232,-0.4883720930232558,-0.19767441860465115,-0.6116279069767442,-0.4906976744186046,-0.25116279069767444,-0.6837209302325581,-0.30697674418604654,-0.8069767441860465,-0.3302325581395349,-0.9209302325581395,-0.34651162790697676,-0.5325581395348837,-0.1186046511627907,-0.7465116279069768,-0.13488372093023257,-0.8837209302325582,-0.14186046511627906,-1.0,-0.14418604651162792,-0.5186046511627908,0.004651162790697674,-0.7162790697674418,0.018604651162790697,-0.8441860465116279,0.02558139534883721,-0.958139534883721,0.030232558139534883,-0.45813953488372094,0.1186046511627907,-0.6162790697674418,0.1697674418604651,-0.7186046511627907,0.20232558139534884,-0.8209302325581396,0.22325581395348837
31,0.0,0.0,-0.23026315789473684,-0.42105263157894735,-0.4243421052631579,-0.6513157894736842,-0.6644736842105263,-0.756578947368421,-0.8717105263157895,-0.7302631578947368,-0.4440789473684211,-0.5460526315789473,-0.6578947368421053,-0.6513157894736842,-0.805921052631579,-0.6776315789473685,-0.9342105263157895,-0.6743421052631579,-0.46710526315789475,-0.34539473684210525,-0.7039473684210527,-0.4440789473684211,-0.868421052631579,-0.4934210526315789,-1.0,-0.5493421052631579,-0.47368421052631576,-0.15789473684210525,-0.6776315789473685,-0.21052631578947367,-0.8092105263157895,-0.2532894736842105,-0.9210526315789473,-0.3059210526315789,-0.4605263157894737,0.046052631578947366,-0.6019736842105263,0.013157894736842105,-0.6842105263157895,0.003289473684210526,-0.7598684210526315,-0.003289473684210526,0.0,0.0,-0.2255892255892256,-0.4377104377104377,-0.4208754208754209,-0.6632996632996633,-0.6531986531986532,-0.7811447811447811,-0.8653198653198653,-0.7676767676767676,-0.43097643097643096,-0.5488215488215489,-0.6498316498316499,-0.6531986531986532,-0.8080808080808081,-0.6902356902356902,-0.9292929292929293,-0.696969696969697,-0.45454545454545453,-0.3434343434343434,-0.6902356902356902,-0.4478114478114478,-0.8686868686868687,-0.4983164983164983,-1.0,-0.5521885521885522,-0.45791245791245794,-0.15488215488215487,-0.6498316498316499,-0.20875420875420875,-0.7878787878787878,-0.24579124579124578,-0.8888888888888888,-0.2895622895622896,-0.4444444444444444,0.03367003367003367,-0.5656565656565656,0.030303030303030304,-0.6531986531986532,0.030303030303030304,-0.7205387205387206,0.02356902356902357,0.0,0.0,-0.20069204152249134,-0.43944636678200694,-0.39792387543252594,-0.6851211072664359,-0.6366782006920415,-0.7958477508650519,-0.8408304498269896,-0.8269896193771626,-0.41522491349480967,-0.5536332179930796,-0.6505190311418685,-0.6747404844290658,-0.8408304498269896,-0.7197231833910035,-0.986159169550173,-0.7335640138408305,-0.44982698961937717,-0.32525951557093424,-0.6747404844290658,-0.4117647058823529,-0.8581314878892734,-0.4602076124567474,-1.0,-0.5155709342560554,-0.4463667820069204,-0.12110726643598616,-0.6366782006920415,-0.16608996539792387,-0.7681660899653979,-0.21107266435986158,-0.8754325259515571,-0.2560553633217993,-0.4290657439446367,0.08304498269896193,-0.5709342560553633,0.07958477508650519,-0.657439446366782,0.08996539792387544,-0.7197231833910035,0.10726643598615918,0.0,0.0,-0.18275862068965518,-0.43103448275862066,-0.3758620689655172,-0.7034482758620689,-0.5896551724137931,-0.8448275862068966,-0.7965517241379311,-0.9275862068965517,-0.4379310344827586,-0.5,-0.6724137931034483,-0.6379310344827587,-0.8620689655172413,-0.7103448275862069,-1.0,-0.7517241379310344,-0.4827586206896552,-0.27586206896551724,-0.6931034482758621,-0.33793103448275863,-0.8551724137931035,-0.4,-0.9724137931034482,-0.45517241379310347,-0.4862068965517241,-0.07241379310344828,-0.6689655172413793,-0.09310344827586207,-0.7758620689655172,-0.1413793103448276,-0.8448275862068966,-0.18275862068965518,-0.4793103448275862,0.1310344827586207,-0.6,0.15172413793103448,-0.6724137931034483,0.16551724137931034,-0.7241379310344828,0.18275862068965518,0.0,0.0,-0.11904761904761904,-0.41496598639455784,-0.30952380952380953,-0.6972789115646258,-0.5238095238095238,-0.8877551020408163,-0.7482993197278912,-1.0,-0.391156462585034,-0.43197278911564624,-0.5884353741496599,-0.564625850340136,-0.7380952380952381,-0.6190476190476191,-0.8537414965986394,-0.6496598639455783,-0.4489795918367347,-0.21428571428571427,-0.6428571428571429,-0.25510204081632654,-0.7755102040816326,-0.30272108843537415,-0.8707482993197279,-0.3401360544217687,-0.46258503401360546,-0.013605442176870748,-0.6496598639455783,-0.023809523809523808,-0.7517006802721088,-0.05782312925170068,-0.8333333333333334,-0.08843537414965986,-0.4489795918367347,0.18027210884353742,-0.5748299319727891,0.21768707482993196,-0.6564625850340136,0.24149659863945577,-0.7142857142857143,0.2687074829931973
31,0.0,0.0,0.07142857142857142,-0.2044334975369458,0.06403940886699508,-0.4187192118226601,0.03201970443349754,-0.6133004926108374,0.019704433497536946,-0.7832512315270936,-0.1330049261083744,-0.5640394088669951,-0.20935960591133004,-0.7758620689655172,-0.2536945812807882,-0.8990147783251231,-0.29310344827586204,-1.0,-0.22660098522167488,-0.5024630541871922,-0.3275862068965517,-0.6945812807881774,-0.3866995073891626,-0.8226600985221675,-0.41625615763546797,-0.9211822660098522,-0.30295566502463056,-0.41133004926108374,-0.39655172413793105,-0.5812807881773399,-0.4433497536945813,-0.6945812807881774,-0.46798029556650245,-0.8004926108374384,-0.35960591133004927,-0.30049261083743845,-0.42857142857142855,-0.4236453201970443,-0.4630541871921182,-0.5049261083743842,-0.4827586206896552,-0.5886699507389163,0.0,0.0,0.08048780487804878,-0.2146341463414634,0.07073170731707316,-0.4268292682926829,0.03414634146341464,-0.6195121951219512,0.024390243902439025,-0.7878048780487805,-0.13414634146341464,-0.5756097560975609,-0.2121951219512195,-0.7829268292682927,-0.25609756097560976,-0.9,-0.2951219512195122,-1.0,-0.22926829268292684,-0.5146341463414634,-0.32682926829268294,-0.7048780487804878,-0.3804878048780488,-0.8292682926829268,-0.4097560975609756,-0.9243902439024391,-0.3024390243902439,-0.4268292682926829,-0.3926829268292683,-0.5975609756097561,-0.43902439024390244,-0.7048780487804878,-0.4658536585365854,-0.8048780487804879,-0.35365853658536583,-0.3146341463414634,-0.4195121951219512,-0.43658536585365854,-0.4560975609756098,-0.5170731707317073,-0.48048780487804876,-0.6,0.0,0.0,0.07506053268765134,-0.21549636803874092,0.06537530266343826,-0.4261501210653753,0.029055690072639227,-0.6198547215496368,0.01937046004842615,-0.7869249394673123,-0.13801452784503632,-0.5738498789346247,-0.21307506053268765,-0.7820823244552058,-0.2566585956416465,-0.8983050847457628,-0.29539951573849876,-1.0,-0.23002421307506055,-0.5157384987893463,-0.324455205811138,-0.7046004842615012,-0.3801452784503632,-0.8280871670702179,-0.4116222760290557,-0.9249394673123487,-0.3026634382566586,-0.4261501210653753,-0.3922518159806295,-0.5956416464891041,-0.43825665859564167,-0.7021791767554479,-0.4648910411622276,-0.7990314769975787,-0.35351089588377727,-0.31234866828087166,-0.4188861985472155,-0.43341404358353514,-0.4552058111380145,-0.5157384987893463,-0.4794188861985472,-0.5980629539951574,0.0,0.0,0.07506053268765134,-0.21549636803874092,0.06779661016949153,-0.4261501210653753,0.029055690072639227,-0.6198547215496368,0.021791767554479417,-0.7893462469733656,-0.14043583535108958,-0.5738498789346247,-0.21307506053268765,-0.7820823244552058,-0.2542372881355932,-0.8958837772397095,-0.2929782082324455,-1.0,-0.2324455205811138,-0.5157384987893463,-0.3268765133171913,-0.7070217917675545,-0.3801452784503632,-0.8305084745762712,-0.4116222760290557,-0.9297820823244553,-0.3050847457627119,-0.4261501210653753,-0.3922518159806295,-0.5956416464891041,-0.4406779661016949,-0.7046004842615012,-0.46731234866828086,-0.8038740920096852,-0.3559322033898305,-0.31234866828087166,-0.4213075060532688,-0.43341404358353514,-0.4576271186440678,-0.513317191283293,-0.48184019370460046,-0.5956416464891041,0.0,0.0,0.07729468599033816,-0.21497584541062803,0.06763285024154589,-0.4251207729468599,0.033816425120772944,-0.6183574879227053,0.024154589371980676,-0.7898550724637681,-0.13768115942028986,-0.5772946859903382,-0.21014492753623187,-0.785024154589372,-0.2536231884057971,-0.9009661835748792,-0.2922705314009662,-1.0,-0.22946859903381642,-0.5169082125603864,-0.321256038647343,-0.7077294685990339,-0.37681159420289856,-0.8285024154589372,-0.4082125603864734,-0.9251207729468599,-0.2995169082125604,-0.42995169082125606,-0.3864734299516908,-0.5990338164251208,-0.4323671497584541,-0.7053140096618358,-0.45893719806763283,-0.8019323671497585,-0.3502415458937198,-0.3188405797101449,-0.41545893719806765,-0.4396135265700483,-0.45169082125603865,-0.5193236714975845,-0.4758454106280193,-0.6014492753623188
31,0.0,0.0,0.09944751381215469,-0.23204419889502761,0.07734806629834254,-0.45027624309392267,0.04696132596685083,-0.6132596685082873,0.013812154696132596,-0.7817679558011049,-0.13535911602209943,-0.5524861878453039,-0.2292817679558011,-0.7624309392265194,-0.2900552486187845,-0.8922651933701657,-0.35359116022099446,-1.0,-0.23756906077348067,-0.48066298342541436,-0.35359116022099446,-0.6961325966850829,-0.43646408839779005,-0.8342541436464088,-0.5138121546961326,-0.9475138121546961,-0.31215469613259667,-0.3756906077348066,-0.430939226519337,-0.5580110497237569,-0.511049723756906,-0.6906077348066298,-0.5773480662983426,-0.8093922651933702,-0.36464088397790057,-0.24861878453038674,-0.47513812154696133,-0.3784530386740331,-0.5497237569060773,-0.48066298342541436,-0.6132596685082873,-0.5828729281767956,0.0,0.0,0.10410958904109589,-0.2219178082191781,0.08493150684931507,-0.43561643835616437,0.052054794520547946,-0.5917808219178082,0.01643835616438356,-0.7643835616438356,-0.13150684931506848,-0.547945205479452,-0.2219178082191781,-0.7561643835616438,-0.2821917808219178,-0.8876712328767123,-0.3452054794520548,-1.0,-0.2328767123287671,-0.4767123287671233,-0.33972602739726027,-0.6904109589041096,-0.41643835616438357,-0.8328767123287671,-0.4931506849315068,-0.9506849315068493,-0.3041095890410959,-0.36712328767123287,-0.4191780821917808,-0.5506849315068493,-0.4958904109589041,-0.6794520547945205,-0.5589041095890411,-0.7945205479452054,-0.3589041095890411,-0.2328767123287671,-0.4657534246575342,-0.36712328767123287,-0.536986301369863,-0.4657534246575342,-0.6027397260273972,-0.5643835616438356,0.0,0.0,0.1043956043956044,-0.22802197802197802,0.08241758241758242,-0.4368131868131868,0.04945054945054945,-0.5934065934065934,0.016483516483516484,-0.7637362637362637,-0.13736263736263737,-0.5467032967032966,-0.22527472527472528,-0.7554945054945055,-0.28296703296703296,-0.8873626373626373,-0.34615384615384615,-1.0,-0.23351648351648352,-0.47527472527472525,-0.34065934065934067,-0.6923076923076923,-0.4175824175824176,-0.8351648351648352,-0.4945054945054945,-0.9505494505494505,-0.3076923076923077,-0.36538461538461536,-0.42032967032967034,-0.5521978021978022,-0.49725274725274726,-0.6840659340659341,-0.5659340659340659,-0.7994505494505495,-0.3598901098901099,-0.23351648351648352,-0.46703296703296704,-0.3708791208791209,-0.5412087912087912,-0.46703296703296704,-0.6071428571428571,-0.5659340659340659,0.0,0.0,0.1046831955922865,-0.21487603305785125,0.08264462809917356,-0.4325068870523416,0.046831955922865015,-0.5950413223140496,0.013774104683195593,-0.7630853994490359,-0.13774104683195593,-0.5482093663911846,-0.22589531680440772,-0.7548209366391184,-0.2837465564738292,-0.8870523415977961,-0.3443526170798898,-1.0,-0.2369146005509642,-0.4793388429752066,-0.3443526170798898,-0.6914600550964187,-0.418732782369146,-0.8319559228650137,-0.4903581267217631,-0.9504132231404959,-0.3085399449035813,-0.3691460055096419,-0.42424242424242425,-0.5509641873278237,-0.5013774104683195,-0.6831955922865014,-0.5647382920110193,-0.8044077134986226,-0.3608815426997245,-0.23140495867768596,-0.46831955922865015,-0.36639118457300274,-0.5399449035812672,-0.46831955922865015,-0.6088154269972452,-0.5674931129476584,0.0,0.0,0.10164835164835165,-0.21703296703296704,0.07967032967032966,-0.43131868131868134,0.04395604395604396,-0.5934065934065934,0.01098901098901099,-0.760989010989011,-0.1401098901098901,-0.5467032967032966,-0.22802197802197802,-0.7527472527472527,-0.2857142857142857,-0.8846153846153846,-0.34615384615384615,-1.0,-0.23901098901098902,-0.47802197802197804,-0.3434065934065934,-0.6923076923076923,-0.42032967032967034,-0.8351648351648352,-0.49175824175824173,-0.9532967032967034,-0.31043956043956045,-0.36813186813186816,-0.4258241758241758,-0.5521978021978022,-0.5,-0.6868131868131868,-0.5631868131868132,-0.804945054945055,-0.3626373626373626,-0.23351648351648352,-0.4697802197802198,-0.36813186813186816,-0.5412087912087912,-0.46703296703296704,-0.6098901098901099,-0.5659340659340659
31,0.0,0.0,0.09669811320754718,-0.19811320754716982,0.08018867924528301,-0.4268867924528302,0.04009433962264151,-0.6061320754716981,0.025943396226415096,-0.7617924528301887,-0.17688679245283018,-0.5518867924528302,-0.2641509433962264,-0.7712264150943396,-0.32547169811320753,-0.8962264150943396,-0.38443396226415094,-1.0,-0.29245283018867924,-0.4834905660377358,-0.41037735849056606,-0.7028301886792453,-0.49292452830188677,-0.8419811320754716,-0.5566037735849056,-0.9410377358490566,-0.36792452830188677,-0.38207547169811323,-0.49764150943396224,-0.5683962264150944,-0.5731132075471698,-0.6886792452830188,-0.6320754716981132,-0.7948113207547169,-0.42452830188679247,-0.25471698113207547,-0.5377358490566038,-0.38207547169811323,-0.6037735849056604,-0.4716981132075472,-0.660377358490566,-0.5660377358490566,0.0,0.0,0.0936768149882904,-0.20608899297423888,0.08665105386416862,-0.4309133489461358,0.0468384074941452,-0.6088992974238876,0.02107728337236534,-0.765807962529274,-0.1873536299765808,-0.5597189695550351,-0.26697892271662765,-0.7681498829039812,-0.3325526932084309,-0.8946135831381733,-0.3957845433255269,-1.0,-0.2997658079625293,-0.49414519906323184,-0.4098360655737705,-0.6978922716627635,-0.4894613583138173,-0.8290398126463701,-0.5573770491803278,-0.9297423887587822,-0.3770491803278688,-0.39344262295081966,-0.4964871194379391,-0.5737704918032787,-0.5714285714285714,-0.6932084309133489,-0.6346604215456675,-0.8032786885245902,-0.4332552693208431,-0.2646370023419204,-0.5386416861826698,-0.3911007025761124,-0.6042154566744731,-0.48009367681498827,-0.6651053864168618,-0.5761124121779859,0.0,0.0,0.09624413145539906,-0.20657276995305165,0.08685446009389672,-0.4295774647887324,0.04929577464788732,-0.607981220657277,0.02112676056338028,-0.7676056338028169,-0.18544600938967137,-0.5586854460093896,-0.2652582159624413,-0.7676056338028169,-0.33098591549295775,-0.8943661971830986,-0.3967136150234742,-1.0,-0.29577464788732394,-0.49295774647887325,-0.4061032863849765,-0.6995305164319249,-0.48826291079812206,-0.8333333333333334,-0.5563380281690141,-0.9366197183098591,-0.3755868544600939,-0.392018779342723,-0.4953051643192488,-0.5751173708920188,-0.5704225352112676,-0.6948356807511737,-0.6338028169014085,-0.8028169014084507,-0.431924882629108,-0.2652582159624413,-0.5375586854460094,-0.38967136150234744,-0.6032863849765259,-0.4812206572769953,-0.6643192488262911,-0.5774647887323944,0.0,0.0,0.09624413145539906,-0.20657276995305165,0.0892018779342723,-0.4295774647887324,0.051643192488262914,-0.607981220657277,0.023474178403755867,-0.7676056338028169,-0.1807511737089202,-0.5563380281690141,-0.26291079812206575,-0.7676056338028169,-0.32629107981220656,-0.8943661971830986,-0.392018779342723,-1.0,-0.2934272300469484,-0.49061032863849763,-0.4014084507042254,-0.6971830985915493,-0.4835680751173709,-0.8309859154929577,-0.5516431924882629,-0.9342723004694836,-0.37089201877934275,-0.38967136150234744,-0.49061032863849763,-0.5727699530516432,-0.568075117370892,-0.6924882629107981,-0.6291079812206573,-0.8004694835680751,-0.4295774647887324,-0.26291079812206575,-0.5328638497652582,-0.3873239436619718,-0.6009389671361502,-0.4765258215962441,-0.6596244131455399,-0.5751173708920188,0.0,0.0,0.09579439252336448,-0.205607476635514,0.08878504672897196,-0.42757009345794394,0.04906542056074766,-0.6051401869158879,0.02336448598130841,-0.764018691588785,-0.1822429906542056,-0.5560747663551402,-0.2616822429906542,-0.7663551401869159,-0.3247663551401869,-0.8948598130841121,-0.3901869158878505,-1.0,-0.29439252336448596,-0.4929906542056075,-0.40186915887850466,-0.6985981308411215,-0.48364485981308414,-0.8317757009345794,-0.5490654205607477,-0.9345794392523364,-0.37149532710280375,-0.3901869158878505,-0.49065420560747663,-0.5747663551401869,-0.5654205607476636,-0.6915887850467289,-0.6261682242990654,-0.8014018691588785,-0.42990654205607476,-0.26635514018691586,-0.5327102803738317,-0.3901869158878505,-0.5981308411214953,-0.48130841121495327,-0.6565420560747663,-0.5771028037383178
31,0.0,0.0,-0.11176470588235295,-0.2323529411764706,-0.29411764705882354,-0.36470588235294116,-0.43529411764705883,-0.45588235294117646,-0.5058823529411764,-0.538235294117647,-0.5323529411764706,-0.17352941176470588,-0.7029411764705882,-0.2088235294117647,-0.8029411764705883,-0.2235294117647059,-0.8794117647058823,-0.22941176470588234,-0.5411764705882353,-0.041176470588235294,-0.7617647058823529,-0.03823529411764706,-0.8941176470588236,-0.03823529411764706,-1.0,-0.029411764705882353,-0.5176470588235295,0.07941176470588235,-0.7147058823529412,0.09705882352941177,-0.8235294117647058,0.09411764705882353,-0.9147058823529411,0.09411764705882353,-0.4647058823529412,0.2,-0.6176470588235294,0.22058823529411764,-0.7088235294117647,0.22647058823529412,-0.788235294117647,0.22058823529411764,0.0,0.0,-0.12130177514792899,-0.24260355029585798,-0.2988165680473373,-0.378698224852071,-0.4378698224852071,-0.47337278106508873,-0.514792899408284,-0.5502958579881657,-0.5266272189349113,-0.1834319526627219,-0.7011834319526628,-0.22189349112426035,-0.8106508875739645,-0.23668639053254437,-0.8875739644970414,-0.2455621301775148,-0.5414201183431953,-0.04142011834319527,-0.7662721893491125,-0.038461538461538464,-0.8994082840236687,-0.03550295857988166,-1.0,-0.029585798816568046,-0.5207100591715976,0.07692307692307693,-0.7189349112426036,0.09763313609467456,-0.8284023668639053,0.10059171597633136,-0.908284023668639,0.10650887573964497,-0.47633136094674555,0.1952662721893491,-0.6272189349112426,0.21597633136094674,-0.7189349112426036,0.22189349112426035,-0.7958579881656804,0.21893491124260356,0.0,0.0,-0.11538461538461539,-0.23668639053254437,-0.30177514792899407,-0.3727810650887574,-0.44970414201183434,-0.47041420118343197,-0.5295857988165681,-0.5473372781065089,-0.5236686390532544,-0.1863905325443787,-0.7041420118343196,-0.22781065088757396,-0.8136094674556213,-0.2485207100591716,-0.8964497041420119,-0.2603550295857988,-0.5414201183431953,-0.04437869822485207,-0.7662721893491125,-0.04142011834319527,-0.9023668639053254,-0.038461538461538464,-1.0,-0.03254437869822485,-0.5236686390532544,0.07692307692307693,-0.7218934911242604,0.09763313609467456,-0.8313609467455622,0.09763313609467456,-0.9112426035502958,0.10355029585798817,-0.47928994082840237,0.1952662721893491,-0.6301775147928994,0.21005917159763313,-0.7218934911242604,0.21597633136094674,-0.7988165680473372,0.21005917159763313,0.0,0.0,-0.12094395280235988,-0.23303834808259588,-0.30383480825958703,-0.37168141592920356,-0.4631268436578171,-0.4631268436578171,-0.56047197640118,-0.5339233038348082,-0.5103244837758112,-0.1887905604719764,-0.696165191740413,-0.23893805309734514,-0.8082595870206489,-0.25958702064896755,-0.8997050147492626,-0.2743362831858407,-0.5309734513274337,-0.05014749262536873,-0.7551622418879056,-0.0471976401179941,-0.8938053097345132,-0.04129793510324484,-1.0,-0.032448377581120944,-0.5132743362831859,0.07374631268436578,-0.7138643067846607,0.09144542772861357,-0.8230088495575221,0.09144542772861357,-0.9085545722713865,0.0943952802359882,-0.4690265486725664,0.1887905604719764,-0.6194690265486725,0.20648967551622419,-0.7109144542772862,0.20943952802359883,-0.7935103244837758,0.20353982300884957,0.0,0.0,-0.11904761904761904,-0.23214285714285715,-0.30357142857142855,-0.375,-0.48214285714285715,-0.46130952380952384,-0.6011904761904762,-0.5267857142857143,-0.49107142857142855,-0.19940476190476192,-0.6845238095238095,-0.25595238095238093,-0.8065476190476191,-0.27976190476190477,-0.9047619047619048,-0.29464285714285715,-0.5148809523809523,-0.05952380952380952,-0.7470238095238095,-0.05654761904761905,-0.8869047619047619,-0.050595238095238096,-1.0,-0.041666666666666664,-0.49702380952380953,0.06547619047619048,-0.7053571428571429,0.08035714285714286,-0.8184523809523809,0.08333333333333333,-0.9107142857142857,0.08333333333333333,-0.45535714285714285,0.18452380952380953,-0.6130952380952381,0.19642857142857142,-0.7083333333333334,0.19642857142857142,-0.7916666666666666,0.19345238095238096
